,LOT#,WAFER#,SITE#,DATE,TIME,PCM1,PCM2,PCM3,PCM4,PCM5,PCM6,PCM7,PCM8,PCM9,PCM10,PCM11,PCM12,PCM13,PCM14,PCM15,PCM16,PCM17,PCM18,PCM19,PCM20,PCM21,PCM22,PCM23,PCM24,PCM25,PCM26,PCM27,PCM28,PCM29,PCM30,PCM31,PCM32,PCM33,PCM34,PCM35,PCM36,PCM37,PCM38,PCM39,PCM40,PCM41,PCM42,PCM43,PCM44,PCM45,PCM46,PCM47,PCM48,PCM49,PCM50,Unnamed: 55,Unnamed: 56,Unnamed: 57,Unnamed: 58,Unnamed: 59,Unnamed: 60,Unnamed: 61,Unnamed: 62,Unnamed: 63,Unnamed: 64,Unnamed: 65,Unnamed: 66,Unnamed: 67,Unnamed: 68,Unnamed: 69,Unnamed: 70,Unnamed: 71,Unnamed: 72,Unnamed: 73,Unnamed: 74,Unnamed: 75,Unnamed: 76,Unnamed: 77,Unnamed: 78,Unnamed: 79,Unnamed: 80,Unnamed: 81,Unnamed: 82,Unnamed: 83,Unnamed: 84,Unnamed: 85,Unnamed: 86,Unnamed: 87,Unnamed: 88,Unnamed: 89,Unnamed: 90,Unnamed: 91,Unnamed: 92,Unnamed: 93,Unnamed: 94,Unnamed: 95,Unnamed: 96,Unnamed: 97,Unnamed: 98,Unnamed: 99,Unnamed: 100,Unnamed: 101,Unnamed: 102,Unnamed: 103,Unnamed: 104,Unnamed: 105,Unnamed: 106,Unnamed: 107,Unnamed: 108,Unnamed: 109,Unnamed: 110,Unnamed: 111,Unnamed: 112,Unnamed: 113,Unnamed: 114,Unnamed: 115,Unnamed: 116,Unnamed: 117,Unnamed: 118,Unnamed: 119,Unnamed: 120,Unnamed: 121,Unnamed: 122,Unnamed: 123,Unnamed: 124,Unnamed: 125,Unnamed: 126,Unnamed: 127,Unnamed: 128,Unnamed: 129,Unnamed: 130,Unnamed: 131,Unnamed: 132,Unnamed: 133,Unnamed: 134,Unnamed: 135,Unnamed: 136,Unnamed: 137,Unnamed: 138,Unnamed: 139,Unnamed: 140,Unnamed: 141,Unnamed: 142,Unnamed: 143,Unnamed: 144,Unnamed: 145,Unnamed: 146,Unnamed: 147,Unnamed: 148,Unnamed: 149,Unnamed: 150,Unnamed: 151,Unnamed: 152,Unnamed: 153,Unnamed: 154,Unnamed: 155,Unnamed: 156,Unnamed: 157,Unnamed: 158,Unnamed: 159,Unnamed: 160,Unnamed: 161,Unnamed: 162,Unnamed: 163,Unnamed: 164,Unnamed: 165,Unnamed: 166,Unnamed: 167,Unnamed: 168,Unnamed: 169,Unnamed: 170,Unnamed: 171,Unnamed: 172,Unnamed: 173,Unnamed: 174,Unnamed: 175,Unnamed: 176,Unnamed: 177,Unnamed: 178,Unnamed: 179,Unnamed: 180,Unnamed: 181,Unnamed: 182,Unnamed: 183,Unnamed: 184,Unnamed: 185,Unnamed: 186,Unnamed: 187,Unnamed: 188,Unnamed: 189,Unnamed: 190,Unnamed: 191,Unnamed: 192,Unnamed: 193,Unnamed: 194,Unnamed: 195,Unnamed: 196,Unnamed: 197,Unnamed: 198,Unnamed: 199,Unnamed: 200,Unnamed: 201,Unnamed: 202,Unnamed: 203,Unnamed: 204,Unnamed: 205,Unnamed: 206,Unnamed: 207,Unnamed: 208,Unnamed: 209,Unnamed: 210,Unnamed: 211,Unnamed: 212,Unnamed: 213,Unnamed: 214,Unnamed: 215,Unnamed: 216,Unnamed: 217,Unnamed: 218,Unnamed: 219,Unnamed: 220,Unnamed: 221,Unnamed: 222,Unnamed: 223,Unnamed: 224,Unnamed: 225,Unnamed: 226,Unnamed: 227,Unnamed: 228,Unnamed: 229,Unnamed: 230,Unnamed: 231,Unnamed: 232,Unnamed: 233,Unnamed: 234,Unnamed: 235,Unnamed: 236,Unnamed: 237,Unnamed: 238,Unnamed: 239,Unnamed: 240,Unnamed: 241,Unnamed: 242,Unnamed: 243,Unnamed: 244,Unnamed: 245,Unnamed: 246,Unnamed: 247,Unnamed: 248,Unnamed: 249,Unnamed: 250,Unnamed: 251,Unnamed: 252,Unnamed: 253,Unnamed: 254,Unnamed: 255,Unnamed: 256,Unnamed: 257,Unnamed: 258,Unnamed: 259,Unnamed: 260,Unnamed: 261,Unnamed: 262,Unnamed: 263,Unnamed: 264,Unnamed: 265,Unnamed: 266,Unnamed: 267,Unnamed: 268,Unnamed: 269,Unnamed: 270,Unnamed: 271,Unnamed: 272,Unnamed: 273,Unnamed: 274,Unnamed: 275,Unnamed: 276,Unnamed: 277,Unnamed: 278,Unnamed: 279,Unnamed: 280,Unnamed: 281,Unnamed: 282,Unnamed: 283
0,UU456,1,1,7/11/24,17:23:10,0.00793,63.075,0.00446,112.023,0.00238,210.077,0.00163,307.778,0.00123,405.42,0.000995,502.557,1074.644,14.443,-1.478,0.739,5.87e-06,-0.00136,1475.797,-0.00095,2104.552,-0.000619,3233.18,-0.00046,4351.203,-0.00037,5408.797,-0.000309,6466.235,12158.02,984.668,-8.909,4.454,0.00241,-0.000379,5276.794,-0.00022,9088.761,-0.00012,16604.81,-8.29e-05,24118.5,-6.32e-05,31634.41,-5.11e-05,39154.88,82757.95,1544.113,-2.052,1.026,,,,,,,,,,,,,,,,,,,,,,,,,,,,,,,,,,,,,,,,,,,,,,,,,,,,,,,,,,,,,,,,,,,,,,,,,,,,,,,,,,,,,,,,,,,,,,,,,,,,,,,,,,,,,,,,,,,,,,,,,,,,,,,,,,,,,,,,,,,,,,,,,,,,,,,,,,,,,,,,,,,,,,,,,,,,,,,,,,,,,,,,,,,,,,,,,,,,,,,,,,,,,,,,,,,,,,,,,,,,,,,,,,,,,
1,UU456,1,2,7/11/24,17:23:10,0.00791,63.216,0.00445,112.465,0.00238,210.508,0.00162,308.261,0.00123,405.92,0.000993,503.396,1075.868,14.628,-1.496,0.748,6.02e-06,-0.00137,1455.625,-0.000963,2077.985,-0.000622,3213.915,-0.000465,4303.843,-0.000376,5315.375,-0.000311,6423.123,12041.61,970.355,-8.864,4.432,0.00237,-0.000384,5208.469,-0.000222,9020.102,-0.000121,16521.69,-8.31e-05,24055.98,-6.33e-05,31588.34,-5.1e-05,39191.17,82971.97,1445.121,-1.916,0.958,,,,,,,,,,,,,,,,,,,,,,,,,,,,,,,,,,,,,,,,,,,,,,,,,,,,,,,,,,,,,,,,,,,,,,,,,,,,,,,,,,,,,,,,,,,,,,,,,,,,,,,,,,,,,,,,,,,,,,,,,,,,,,,,,,,,,,,,,,,,,,,,,,,,,,,,,,,,,,,,,,,,,,,,,,,,,,,,,,,,,,,,,,,,,,,,,,,,,,,,,,,,,,,,,,,,,,,,,,,,,,,,,,,,,
2,UU456,1,3,7/11/24,17:23:10,0.00776,64.452,0.00441,113.343,0.00237,211.188,0.00162,308.64,0.00123,406.527,0.000992,504.29,1075.013,15.608,-1.597,0.799,6.86e-06,-0.00136,1469.497,-0.000965,2073.461,-0.000622,3217.395,-0.000465,4300.483,-0.000372,5381.074,-0.000311,6427.396,12098.21,970.305,-8.822,4.411,0.00235,-0.000382,5241.571,-0.000219,9129.002,-0.000119,16791.06,-8.19e-05,24436.08,-6.24e-05,32061.3,-5.04e-05,39719.11,84205.66,1454.122,-1.9,0.95,,,,,,,,,,,,,,,,,,,,,,,,,,,,,,,,,,,,,,,,,,,,,,,,,,,,,,,,,,,,,,,,,,,,,,,,,,,,,,,,,,,,,,,,,,,,,,,,,,,,,,,,,,,,,,,,,,,,,,,,,,,,,,,,,,,,,,,,,,,,,,,,,,,,,,,,,,,,,,,,,,,,,,,,,,,,,,,,,,,,,,,,,,,,,,,,,,,,,,,,,,,,,,,,,,,,,,,,,,,,,,,,,,,,,
3,UU456,1,4,7/11/24,17:23:10,0.0081,61.75,0.00455,109.998,0.00242,206.44,0.00165,302.345,0.00126,398.41,0.00101,494.218,1057.099,13.935,-1.45,0.725,5.56e-06,-0.0014,1433.568,-0.00098,2041.008,-0.000629,3179.478,-0.000471,4246.068,-0.000377,5306.194,-0.000315,6355.784,11987.19,945.176,-8.673,4.337,0.00225,-0.000387,5171.808,-0.000224,8947.465,-0.000123,16324.93,-8.43e-05,23723.78,-6.42e-05,31160.9,-5.18e-05,38636.14,81685.09,1477.209,-1.989,0.995,,,,,,,,,,,,,,,,,,,,,,,,,,,,,,,,,,,,,,,,,,,,,,,,,,,,,,,,,,,,,,,,,,,,,,,,,,,,,,,,,,,,,,,,,,,,,,,,,,,,,,,,,,,,,,,,,,,,,,,,,,,,,,,,,,,,,,,,,,,,,,,,,,,,,,,,,,,,,,,,,,,,,,,,,,,,,,,,,,,,,,,,,,,,,,,,,,,,,,,,,,,,,,,,,,,,,,,,,,,,,,,,,,,,,
4,UU456,1,5,7/11/24,17:23:10,0.00799,62.599,0.0045,111.201,0.0024,208.797,0.00163,306.181,0.00124,403.359,0.000999,500.324,1070.347,14.041,-1.443,0.721,5.57e-06,-0.00139,1437.329,-0.000972,2058.147,-0.000627,3189.03,-0.00047,4252.903,-0.000406,4931.83,-0.000314,6375.559,11610.91,980.662,-9.291,4.645,0.00251,-0.000388,5149.781,-0.000224,8922.079,-0.000123,16296.86,-8.42e-05,23752.74,-6.4e-05,31261.53,-5.16e-05,38793.3,82145.73,1404.243,-1.88,0.94,,,,,,,,,,,,,,,,,,,,,,,,,,,,,,,,,,,,,,,,,,,,,,,,,,,,,,,,,,,,,,,,,,,,,,,,,,,,,,,,,,,,,,,,,,,,,,,,,,,,,,,,,,,,,,,,,,,,,,,,,,,,,,,,,,,,,,,,,,,,,,,,,,,,,,,,,,,,,,,,,,,,,,,,,,,,,,,,,,,,,,,,,,,,,,,,,,,,,,,,,,,,,,,,,,,,,,,,,,,,,,,,,,,,,
5,UU456,2,1,7/11/24,17:41:36,0.00779,64.169,0.0044,113.555,0.00235,212.409,0.00161,310.704,0.00122,409.008,0.000986,507.161,1082.864,15.192,-1.543,0.772,6.45e-06,-0.00132,1519.157,-0.000933,2143.175,-0.000606,3302.963,-0.000452,4424.25,-0.000363,5506.775,-0.000304,6576.936,12334.93,1015.369,-9.055,4.527,0.00253,-0.000376,5325.679,-0.000216,9248.812,-0.000118,16895.74,-8.15e-05,24543.16,-6.22e-05,32136.62,-5.03e-05,39782.71,84118.19,1567.086,-2.049,1.025,,,,,,,,,,,,,,,,,,,,,,,,,,,,,,,,,,,,,,,,,,,,,,,,,,,,,,,,,,,,,,,,,,,,,,,,,,,,,,,,,,,,,,,,,,,,,,,,,,,,,,,,,,,,,,,,,,,,,,,,,,,,,,,,,,,,,,,,,,,,,,,,,,,,,,,,,,,,,,,,,,,,,,,,,,,,,,,,,,,,,,,,,,,,,,,,,,,,,,,,,,,,,,,,,,,,,,,,,,,,,,,,,,,,,
6,UU456,2,2,7/11/24,17:41:36,0.00788,63.46,0.00443,112.904,0.00236,211.687,0.00161,310.262,0.00122,408.908,0.000985,507.399,1085.162,14.255,-1.445,0.722,5.66e-06,-0.00137,1458.864,-0.000953,2098.999,-0.000615,3249.871,-0.000459,4354.045,-0.000368,5429.471,-0.000307,6518.353,12296.0,963.902,-8.623,4.312,0.00229,-0.000375,5337.917,-0.000219,9146.495,-0.00012,16666.39,-8.26e-05,24209.03,-6.3e-05,31756.47,-5.08e-05,39350.25,83067.49,1569.477,-2.078,1.039,,,,,,,,,,,,,,,,,,,,,,,,,,,,,,,,,,,,,,,,,,,,,,,,,,,,,,,,,,,,,,,,,,,,,,,,,,,,,,,,,,,,,,,,,,,,,,,,,,,,,,,,,,,,,,,,,,,,,,,,,,,,,,,,,,,,,,,,,,,,,,,,,,,,,,,,,,,,,,,,,,,,,,,,,,,,,,,,,,,,,,,,,,,,,,,,,,,,,,,,,,,,,,,,,,,,,,,,,,,,,,,,,,,,,
7,UU456,2,3,7/11/24,17:41:36,0.00765,65.372,0.00436,114.626,0.00235,213.065,0.00161,311.397,0.00122,409.816,0.000984,508.069,1082.171,16.245,-1.651,0.826,7.38e-06,-0.00137,1458.587,-0.000956,2092.011,-0.000618,3237.11,-0.00046,4344.596,-0.000368,5430.901,-0.000308,6490.325,12259.42,963.15,-8.642,4.321,0.00229,-0.000382,5231.494,-0.000218,9155.958,-0.000119,16833.18,-8.16e-05,24517.8,-6.21e-05,32186.84,-5.01e-05,39897.3,84636.91,1426.906,-1.855,0.927,,,,,,,,,,,,,,,,,,,,,,,,,,,,,,,,,,,,,,,,,,,,,,,,,,,,,,,,,,,,,,,,,,,,,,,,,,,,,,,,,,,,,,,,,,,,,,,,,,,,,,,,,,,,,,,,,,,,,,,,,,,,,,,,,,,,,,,,,,,,,,,,,,,,,,,,,,,,,,,,,,,,,,,,,,,,,,,,,,,,,,,,,,,,,,,,,,,,,,,,,,,,,,,,,,,,,,,,,,,,,,,,,,,,,
8,UU456,2,4,7/11/24,17:41:36,0.00798,62.633,0.00449,111.335,0.0024,208.15,0.00164,304.964,0.00125,401.713,0.001,498.003,1064.306,14.515,-1.5,0.75,5.99e-06,-0.00137,1462.48,-0.000953,2099.506,-0.000619,3232.25,-0.000464,4313.264,-0.00037,5399.757,-0.000311,6433.723,12106.73,980.25,-8.906,4.453,0.0024,-0.000383,5218.785,-0.000222,9028.856,-0.000122,16441.55,-8.37e-05,23886.33,-6.38e-05,31326.9,-5.14e-05,38878.96,82115.5,1512.206,-2.026,1.013,,,,,,,,,,,,,,,,,,,,,,,,,,,,,,,,,,,,,,,,,,,,,,,,,,,,,,,,,,,,,,,,,,,,,,,,,,,,,,,,,,,,,,,,,,,,,,,,,,,,,,,,,,,,,,,,,,,,,,,,,,,,,,,,,,,,,,,,,,,,,,,,,,,,,,,,,,,,,,,,,,,,,,,,,,,,,,,,,,,,,,,,,,,,,,,,,,,,,,,,,,,,,,,,,,,,,,,,,,,,,,,,,,,,,
9,UU456,2,5,7/11/24,17:41:36,0.0078,64.074,0.00443,112.992,0.00237,211.406,0.00162,309.565,0.00123,407.322,0.00099,505.284,1078.723,15.104,-1.54,0.77,6.4e-06,-0.00138,1451.758,-0.000962,2078.214,-0.000625,3202.393,-0.000465,4301.02,-0.000371,5385.189,-0.00031,6450.843,12171.18,953.185,-8.615,4.307,0.00226,-0.000384,5205.378,-0.000222,9024.782,-0.000121,16558.76,-8.28e-05,24145.03,-6.28e-05,31833.4,-5.07e-05,39478.25,83735.41,1375.809,-1.807,0.904,,,,,,,,,,,,,,,,,,,,,,,,,,,,,,,,,,,,,,,,,,,,,,,,,,,,,,,,,,,,,,,,,,,,,,,,,,,,,,,,,,,,,,,,,,,,,,,,,,,,,,,,,,,,,,,,,,,,,,,,,,,,,,,,,,,,,,,,,,,,,,,,,,,,,,,,,,,,,,,,,,,,,,,,,,,,,,,,,,,,,,,,,,,,,,,,,,,,,,,,,,,,,,,,,,,,,,,,,,,,,,,,,,,,,
10,UU456,3,1,7/11/24,18:00:00,0.00797,62.768,0.00451,110.827,0.00241,207.203,0.00165,303.142,0.00125,398.963,0.00101,494.736,1056.005,14.939,-1.556,0.778,6.39e-06,-0.00137,1463.915,-0.000963,2076.339,-0.000627,3188.282,-0.000466,4289.967,-0.000375,5329.312,-0.000314,6372.917,11964.18,977.019,-8.983,4.491,0.00241,-0.000378,5296.736,-0.000217,9210.944,-0.000118,16914.46,-8.13e-05,24596.43,-6.2e-05,32282.28,-5.01e-05,39956.61,84666.52,1492.441,-1.939,0.97,,,,,,,,,,,,,,,,,,,,,,,,,,,,,,,,,,,,,,,,,,,,,,,,,,,,,,,,,,,,,,,,,,,,,,,,,,,,,,,,,,,,,,,,,,,,,,,,,,,,,,,,,,,,,,,,,,,,,,,,,,,,,,,,,,,,,,,,,,,,,,,,,,,,,,,,,,,,,,,,,,,,,,,,,,,,,,,,,,,,,,,,,,,,,,,,,,,,,,,,,,,,,,,,,,,,,,,,,,,,,,,,,,,,,
11,UU456,3,2,7/11/24,18:00:00,0.00803,62.278,0.00451,110.818,0.00241,207.633,0.00165,303.748,0.00125,399.971,0.00101,495.948,1059.907,14.482,-1.503,0.751,5.99e-06,-0.0014,1431.516,-0.000976,2049.649,-0.000628,3182.737,-0.00047,4256.75,-0.000376,5318.88,-0.000314,6370.948,12021.75,945.126,-8.648,4.324,0.00225,-0.000379,5271.912,-0.000219,9134.84,-0.000119,16791.91,-8.19e-05,24426.62,-6.23e-05,32089.18,-5.03e-05,39780.49,84285.97,1454.726,-1.899,0.949,,,,,,,,,,,,,,,,,,,,,,,,,,,,,,,,,,,,,,,,,,,,,,,,,,,,,,,,,,,,,,,,,,,,,,,,,,,,,,,,,,,,,,,,,,,,,,,,,,,,,,,,,,,,,,,,,,,,,,,,,,,,,,,,,,,,,,,,,,,,,,,,,,,,,,,,,,,,,,,,,,,,,,,,,,,,,,,,,,,,,,,,,,,,,,,,,,,,,,,,,,,,,,,,,,,,,,,,,,,,,,,,,,,,,
12,UU456,3,3,7/11/24,18:00:00,0.00782,63.907,0.00447,111.81,0.00241,207.935,0.00165,304.035,0.00125,400.058,0.00101,496.248,1056.889,15.79,-1.643,0.822,7.14e-06,-0.0014,1424.867,-0.000982,2036.857,-0.000631,3170.461,-0.00047,4259.443,-0.000377,5306.968,-0.000315,6358.532,12018.49,936.997,-8.576,4.288,0.00221,-0.000381,5244.113,-0.000217,9211.666,-0.000118,16993.65,-8.08e-05,24761.88,-6.14e-05,32560.83,-4.96e-05,40330.55,85700.38,1390.509,-1.785,0.892,,,,,,,,,,,,,,,,,,,,,,,,,,,,,,,,,,,,,,,,,,,,,,,,,,,,,,,,,,,,,,,,,,,,,,,,,,,,,,,,,,,,,,,,,,,,,,,,,,,,,,,,,,,,,,,,,,,,,,,,,,,,,,,,,,,,,,,,,,,,,,,,,,,,,,,,,,,,,,,,,,,,,,,,,,,,,,,,,,,,,,,,,,,,,,,,,,,,,,,,,,,,,,,,,,,,,,,,,,,,,,,,,,,,,
13,UU456,3,4,7/11/24,18:00:00,0.00822,60.852,0.00463,108.035,0.00247,202.582,0.00168,297.485,0.00127,392.388,0.00103,486.902,1041.904,13.351,-1.41,0.705,5.18e-06,-0.00144,1384.706,-0.001,1991.318,-0.000646,3094.677,-0.00048,4171.438,-0.000383,5222.014,-0.00032,6241.574,11845.12,902.48,-8.381,4.19,0.00208,-0.000399,5013.361,-0.000227,8793.953,-0.000123,16236.01,-8.43e-05,23733.91,-6.4e-05,31251.03,-5.15e-05,38815.66,82546.45,1254.741,-1.672,0.836,,,,,,,,,,,,,,,,,,,,,,,,,,,,,,,,,,,,,,,,,,,,,,,,,,,,,,,,,,,,,,,,,,,,,,,,,,,,,,,,,,,,,,,,,,,,,,,,,,,,,,,,,,,,,,,,,,,,,,,,,,,,,,,,,,,,,,,,,,,,,,,,,,,,,,,,,,,,,,,,,,,,,,,,,,,,,,,,,,,,,,,,,,,,,,,,,,,,,,,,,,,,,,,,,,,,,,,,,,,,,,,,,,,,,
14,UU456,3,5,7/11/24,18:00:00,0.00804,62.18,0.00455,109.883,0.00243,206.038,0.00166,302.04,0.00126,397.766,0.00101,493.705,1055.103,14.146,-1.475,0.737,5.74e-06,-0.00142,1410.387,-0.00099,2020.941,-0.000636,3142.944,-0.000475,4214.892,-0.000381,5256.297,-0.000317,6308.571,11917.48,926.869,-8.555,4.278,0.00218,-0.000389,5137.558,-0.000224,8945.864,-0.000122,16425.22,-8.35e-05,23962.11,-6.34e-05,31527.19,-5.11e-05,39110.09,82971.89,1365.514,-1.81,0.905,,,,,,,,,,,,,,,,,,,,,,,,,,,,,,,,,,,,,,,,,,,,,,,,,,,,,,,,,,,,,,,,,,,,,,,,,,,,,,,,,,,,,,,,,,,,,,,,,,,,,,,,,,,,,,,,,,,,,,,,,,,,,,,,,,,,,,,,,,,,,,,,,,,,,,,,,,,,,,,,,,,,,,,,,,,,,,,,,,,,,,,,,,,,,,,,,,,,,,,,,,,,,,,,,,,,,,,,,,,,,,,,,,,,,
15,UU456,4,1,7/11/24,18:18:26,0.0077,64.964,0.00439,113.919,0.00235,212.598,0.00161,310.795,0.00122,408.934,0.000987,506.854,1080.584,15.904,-1.619,0.809,7.08e-06,-0.00134,1497.028,-0.000943,2120.418,-0.000608,3287.646,-0.000457,4376.952,-0.000365,5473.828,-0.000305,6555.314,12314.97,993.046,-8.87,4.435,0.00242,-0.000373,5357.521,-0.000215,9290.399,-0.000118,16996.54,-8.1e-05,24702.61,-6.17e-05,32405.67,-4.99e-05,40101.54,84861.07,1546.21,-2.004,1.002,,,,,,,,,,,,,,,,,,,,,,,,,,,,,,,,,,,,,,,,,,,,,,,,,,,,,,,,,,,,,,,,,,,,,,,,,,,,,,,,,,,,,,,,,,,,,,,,,,,,,,,,,,,,,,,,,,,,,,,,,,,,,,,,,,,,,,,,,,,,,,,,,,,,,,,,,,,,,,,,,,,,,,,,,,,,,,,,,,,,,,,,,,,,,,,,,,,,,,,,,,,,,,,,,,,,,,,,,,,,,,,,,,,,,
16,UU456,4,2,7/11/24,18:18:26,0.00773,64.679,0.00439,113.808,0.00235,212.597,0.00161,311.139,0.00122,409.423,0.000986,507.354,1082.62,15.581,-1.583,0.792,6.78e-06,-0.00138,1453.087,-0.000963,2076.352,-0.000619,3232.678,-0.000462,4333.216,-0.000368,5429.928,-0.000308,6489.966,12282.47,951.353,-8.52,4.26,0.00223,-0.000375,5329.737,-0.000218,9169.77,-0.000119,16748.04,-8.22e-05,24336.85,-6.26e-05,31937.71,-5.05e-05,39610.55,83697.93,1532.436,-2.014,1.007,,,,,,,,,,,,,,,,,,,,,,,,,,,,,,,,,,,,,,,,,,,,,,,,,,,,,,,,,,,,,,,,,,,,,,,,,,,,,,,,,,,,,,,,,,,,,,,,,,,,,,,,,,,,,,,,,,,,,,,,,,,,,,,,,,,,,,,,,,,,,,,,,,,,,,,,,,,,,,,,,,,,,,,,,,,,,,,,,,,,,,,,,,,,,,,,,,,,,,,,,,,,,,,,,,,,,,,,,,,,,,,,,,,,,
17,UU456,4,3,7/11/24,18:18:26,0.00761,65.735,0.00435,114.92,0.00234,213.27,0.00161,311.189,0.00122,409.477,0.000985,507.615,1079.997,16.732,-1.704,0.852,7.84e-06,-0.00138,1453.51,-0.00096,2082.782,-0.000618,3234.388,-0.000462,4332.699,-0.000369,5426.393,-0.000309,6474.042,12242.13,958.924,-8.616,4.308,0.00227,-0.000377,5300.864,-0.000216,9248.256,-0.000118,16993.22,-8.09e-05,24709.94,-6.16e-05,32451.89,-4.98e-05,40204.07,85224.98,1469.746,-1.897,0.949,,,,,,,,,,,,,,,,,,,,,,,,,,,,,,,,,,,,,,,,,,,,,,,,,,,,,,,,,,,,,,,,,,,,,,,,,,,,,,,,,,,,,,,,,,,,,,,,,,,,,,,,,,,,,,,,,,,,,,,,,,,,,,,,,,,,,,,,,,,,,,,,,,,,,,,,,,,,,,,,,,,,,,,,,,,,,,,,,,,,,,,,,,,,,,,,,,,,,,,,,,,,,,,,,,,,,,,,,,,,,,,,,,,,,
18,UU456,4,4,7/11/24,18:18:26,0.00804,62.219,0.0045,111.01,0.00241,207.717,0.00164,304.336,0.00125,401.458,0.001,498.301,1065.555,13.929,-1.438,0.719,5.51e-06,-0.00139,1434.257,-0.000972,2057.888,-0.000624,3203.624,-0.000466,4291.809,-0.000373,5365.44,-0.000312,6418.423,12140.62,944.033,-8.553,4.277,0.00222,-0.000389,5136.45,-0.000225,8897.47,-0.000123,16302.04,-8.42e-05,23746.4,-6.41e-05,31202.17,-5.16e-05,38732.22,82022.39,1406.619,-1.886,0.943,,,,,,,,,,,,,,,,,,,,,,,,,,,,,,,,,,,,,,,,,,,,,,,,,,,,,,,,,,,,,,,,,,,,,,,,,,,,,,,,,,,,,,,,,,,,,,,,,,,,,,,,,,,,,,,,,,,,,,,,,,,,,,,,,,,,,,,,,,,,,,,,,,,,,,,,,,,,,,,,,,,,,,,,,,,,,,,,,,,,,,,,,,,,,,,,,,,,,,,,,,,,,,,,,,,,,,,,,,,,,,,,,,,,,
19,UU456,4,5,7/11/24,18:18:26,0.00774,64.576,0.00441,113.312,0.00236,211.705,0.00161,309.724,0.00123,407.634,0.00099,505.073,1077.473,15.628,-1.595,0.798,6.86e-06,-0.00138,1448.478,-0.000973,2055.116,-0.000622,3213.641,-0.000465,4302.139,-0.000372,5380.987,-0.000311,6440.871,12176.43,947.258,-8.557,4.279,0.00223,-0.000387,5169.441,-0.000222,8994.222,-0.000121,16510.1,-8.32e-05,24048.17,-6.31e-05,31711.45,-5.09e-05,39318.22,83411.19,1369.619,-1.806,0.903,,,,,,,,,,,,,,,,,,,,,,,,,,,,,,,,,,,,,,,,,,,,,,,,,,,,,,,,,,,,,,,,,,,,,,,,,,,,,,,,,,,,,,,,,,,,,,,,,,,,,,,,,,,,,,,,,,,,,,,,,,,,,,,,,,,,,,,,,,,,,,,,,,,,,,,,,,,,,,,,,,,,,,,,,,,,,,,,,,,,,,,,,,,,,,,,,,,,,,,,,,,,,,,,,,,,,,,,,,,,,,,,,,,,,
20,UU456,5,1,7/11/24,18:36:50,0.00778,64.259,0.00441,113.469,0.00236,212.077,0.00161,310.349,0.00123,408.3,0.000987,506.579,1081.118,15.273,-1.554,0.777,6.53e-06,-0.00135,1484.682,-0.000947,2112.753,-0.00061,3278.522,-0.000458,4363.278,-0.000367,5449.279,-0.000308,6490.936,12204.43,997.051,-8.987,4.493,0.00246,-0.000378,5286.53,-0.000218,9189.994,-0.000119,16823.97,-8.18e-05,24442.41,-6.24e-05,32065.72,-5.04e-05,39712.72,84049.41,1514.677,-1.982,0.991,,,,,,,,,,,,,,,,,,,,,,,,,,,,,,,,,,,,,,,,,,,,,,,,,,,,,,,,,,,,,,,,,,,,,,,,,,,,,,,,,,,,,,,,,,,,,,,,,,,,,,,,,,,,,,,,,,,,,,,,,,,,,,,,,,,,,,,,,,,,,,,,,,,,,,,,,,,,,,,,,,,,,,,,,,,,,,,,,,,,,,,,,,,,,,,,,,,,,,,,,,,,,,,,,,,,,,,,,,,,,,,,,,,,,
21,UU456,5,2,7/11/24,18:36:50,0.00801,62.428,0.00446,112.165,0.00237,210.699,0.00162,309.173,0.00123,407.342,0.000989,505.561,1082.836,13.592,-1.381,0.69,5.16e-06,-0.00137,1456.282,-0.000962,2079.415,-0.000618,3237.613,-0.000462,4333.694,-0.000369,5419.32,-0.000308,6490.641,12262.52,956.324,-8.579,4.289,0.00226,-0.000385,5193.942,-0.000223,8985.978,-0.000122,16387.67,-8.38e-05,23863.22,-6.38e-05,31329.3,-5.15e-05,38859.78,82186.71,1468.562,-1.966,0.983,,,,,,,,,,,,,,,,,,,,,,,,,,,,,,,,,,,,,,,,,,,,,,,,,,,,,,,,,,,,,,,,,,,,,,,,,,,,,,,,,,,,,,,,,,,,,,,,,,,,,,,,,,,,,,,,,,,,,,,,,,,,,,,,,,,,,,,,,,,,,,,,,,,,,,,,,,,,,,,,,,,,,,,,,,,,,,,,,,,,,,,,,,,,,,,,,,,,,,,,,,,,,,,,,,,,,,,,,,,,,,,,,,,,,
22,UU456,5,3,7/11/24,18:36:50,0.0077,64.947,0.00439,114.014,0.00235,212.707,0.00161,310.99,0.00122,409.313,0.000986,507.328,1081.731,15.84,-1.611,0.805,7.02e-06,-0.00137,1460.718,-0.000955,2095.077,-0.000618,3238.405,-0.00046,4343.596,-0.000369,5425.495,-0.000308,6489.271,12244.47,966.499,-8.683,4.341,0.00231,-0.000382,5241.571,-0.000218,9186.49,-0.000118,16942.98,-8.11e-05,24647.48,-6.18e-05,32376.5,-4.99e-05,40110.14,85145.87,1421.149,-1.836,0.918,,,,,,,,,,,,,,,,,,,,,,,,,,,,,,,,,,,,,,,,,,,,,,,,,,,,,,,,,,,,,,,,,,,,,,,,,,,,,,,,,,,,,,,,,,,,,,,,,,,,,,,,,,,,,,,,,,,,,,,,,,,,,,,,,,,,,,,,,,,,,,,,,,,,,,,,,,,,,,,,,,,,,,,,,,,,,,,,,,,,,,,,,,,,,,,,,,,,,,,,,,,,,,,,,,,,,,,,,,,,,,,,,,,,,
23,UU456,5,4,7/11/24,18:36:50,0.00808,61.904,0.00453,110.498,0.00241,207.276,0.00164,304.077,0.00125,400.975,0.001,497.83,1065.403,13.552,-1.399,0.7,5.21e-06,-0.0014,1431.916,-0.000978,2045.389,-0.00063,3173.979,-0.000467,4287.273,-0.000377,5306.954,-0.000312,6415.706,12104.93,934.045,-8.488,4.244,0.00218,-0.000394,5073.94,-0.000227,8814.533,-0.000124,16184.77,-8.48e-05,23575.9,-6.45e-05,30997.9,-5.2e-05,38479.74,81558.94,1367.135,-1.844,0.922,,,,,,,,,,,,,,,,,,,,,,,,,,,,,,,,,,,,,,,,,,,,,,,,,,,,,,,,,,,,,,,,,,,,,,,,,,,,,,,,,,,,,,,,,,,,,,,,,,,,,,,,,,,,,,,,,,,,,,,,,,,,,,,,,,,,,,,,,,,,,,,,,,,,,,,,,,,,,,,,,,,,,,,,,,,,,,,,,,,,,,,,,,,,,,,,,,,,,,,,,,,,,,,,,,,,,,,,,,,,,,,,,,,,,
24,UU456,5,5,7/11/24,18:36:50,0.00788,63.426,0.00446,112.073,0.00238,210.341,0.00162,308.474,0.00123,406.016,0.000993,503.539,1076.484,14.501,-1.482,0.741,5.91e-06,-0.0014,1431.619,-0.000975,2052.084,-0.000627,3189.66,-0.000467,4281.775,-0.000373,5362.707,-0.000312,6413.401,12142.55,936.882,-8.487,4.244,0.00219,-0.000392,5099.27,-0.000225,8884.861,-0.000123,16283.73,-8.43e-05,23729.18,-6.4e-05,31260.99,-5.16e-05,38779.68,82238.67,1359.328,-1.818,0.909,,,,,,,,,,,,,,,,,,,,,,,,,,,,,,,,,,,,,,,,,,,,,,,,,,,,,,,,,,,,,,,,,,,,,,,,,,,,,,,,,,,,,,,,,,,,,,,,,,,,,,,,,,,,,,,,,,,,,,,,,,,,,,,,,,,,,,,,,,,,,,,,,,,,,,,,,,,,,,,,,,,,,,,,,,,,,,,,,,,,,,,,,,,,,,,,,,,,,,,,,,,,,,,,,,,,,,,,,,,,,,,,,,,,,
25,UU456,6,1,7/11/24,18:55:14,0.00776,64.397,0.0044,113.722,0.00235,212.901,0.00161,311.482,0.00122,410.055,0.000983,508.53,1085.821,15.178,-1.538,0.769,6.42e-06,-0.00136,1470.156,-0.000948,2110.054,-0.000616,3245.22,-0.000461,4343.351,-0.000369,5415.08,-0.000309,6480.461,12184.08,982.641,-8.871,4.436,0.0024,-0.000374,5348.28,-0.000215,9310.641,-0.000117,17035.2,-8.08e-05,24747.15,-6.16e-05,32468.06,-4.97e-05,40205.69,85094.97,1534.745,-1.984,0.992,,,,,,,,,,,,,,,,,,,,,,,,,,,,,,,,,,,,,,,,,,,,,,,,,,,,,,,,,,,,,,,,,,,,,,,,,,,,,,,,,,,,,,,,,,,,,,,,,,,,,,,,,,,,,,,,,,,,,,,,,,,,,,,,,,,,,,,,,,,,,,,,,,,,,,,,,,,,,,,,,,,,,,,,,,,,,,,,,,,,,,,,,,,,,,,,,,,,,,,,,,,,,,,,,,,,,,,,,,,,,,,,,,,,,
26,UU456,6,2,7/11/24,18:55:14,0.00786,63.638,0.00442,113.132,0.00236,212.149,0.00161,310.632,0.00122,409.273,0.000985,507.808,1085.638,14.478,-1.467,0.733,5.84e-06,-0.00139,1439.636,-0.000968,2065.186,-0.000622,3218.233,-0.000464,4306.224,-0.000372,5383.044,-0.000311,6431.427,12163.11,950.804,-8.599,4.299,0.00225,-0.000374,5353.534,-0.000217,9227.178,-0.000119,16814.92,-8.19e-05,24431.39,-6.23e-05,32082.9,-5.03e-05,39742.0,83975.23,1553.864,-2.035,1.018,,,,,,,,,,,,,,,,,,,,,,,,,,,,,,,,,,,,,,,,,,,,,,,,,,,,,,,,,,,,,,,,,,,,,,,,,,,,,,,,,,,,,,,,,,,,,,,,,,,,,,,,,,,,,,,,,,,,,,,,,,,,,,,,,,,,,,,,,,,,,,,,,,,,,,,,,,,,,,,,,,,,,,,,,,,,,,,,,,,,,,,,,,,,,,,,,,,,,,,,,,,,,,,,,,,,,,,,,,,,,,,,,,,,,
27,UU456,6,3,7/11/24,18:55:14,0.00768,65.083,0.00436,114.57,0.00235,213.002,0.0016,311.822,0.00122,410.759,0.000982,509.136,1085.657,15.764,-1.597,0.799,6.92e-06,-0.00139,1438.425,-0.000969,2063.343,-0.000626,3196.665,-0.000466,4289.36,-0.000373,5359.688,-0.000311,6435.441,12154.17,942.766,-8.532,4.266,0.00221,-0.000381,5253.425,-0.000217,9222.157,-0.000118,17002.32,-8.08e-05,24744.15,-6.16e-05,32493.06,-4.97e-05,40247.68,85451.23,1425.706,-1.835,0.918,,,,,,,,,,,,,,,,,,,,,,,,,,,,,,,,,,,,,,,,,,,,,,,,,,,,,,,,,,,,,,,,,,,,,,,,,,,,,,,,,,,,,,,,,,,,,,,,,,,,,,,,,,,,,,,,,,,,,,,,,,,,,,,,,,,,,,,,,,,,,,,,,,,,,,,,,,,,,,,,,,,,,,,,,,,,,,,,,,,,,,,,,,,,,,,,,,,,,,,,,,,,,,,,,,,,,,,,,,,,,,,,,,,,,
28,UU456,6,4,7/11/24,18:55:14,0.00814,61.449,0.00453,110.371,0.00241,207.409,0.00164,305.018,0.00124,402.33,0.001,499.625,1070.99,12.847,-1.319,0.66,4.66e-06,-0.0014,1425.385,-0.00098,2041.241,-0.00063,3176.247,-0.000469,4261.149,-0.000407,4910.687,-0.000314,6367.358,11620.17,968.033,-9.164,4.582,0.00244,-0.000386,5182.878,-0.000222,8994.909,-0.000122,16417.4,-8.39e-05,23848.93,-6.39e-05,31320.62,-5.15e-05,38815.28,82089.61,1484.71,-1.99,0.995,,,,,,,,,,,,,,,,,,,,,,,,,,,,,,,,,,,,,,,,,,,,,,,,,,,,,,,,,,,,,,,,,,,,,,,,,,,,,,,,,,,,,,,,,,,,,,,,,,,,,,,,,,,,,,,,,,,,,,,,,,,,,,,,,,,,,,,,,,,,,,,,,,,,,,,,,,,,,,,,,,,,,,,,,,,,,,,,,,,,,,,,,,,,,,,,,,,,,,,,,,,,,,,,,,,,,,,,,,,,,,,,,,,,,
29,UU456,6,5,7/11/24,18:55:14,0.00787,63.573,0.00444,112.519,0.00237,211.383,0.00162,309.559,0.00123,407.677,0.000989,505.541,1080.841,14.541,-1.48,0.74,5.92e-06,-0.00139,1436.462,-0.000975,2051.459,-0.000629,3181.471,-0.000468,4274.545,-0.000374,5342.751,-0.000313,6390.144,12076.13,943.41,-8.593,4.297,0.00223,-0.00039,5134.551,-0.000222,8998.105,-0.000121,16557.11,-8.27e-05,24180.73,-6.28e-05,31834.11,-5.07e-05,39475.53,83879.98,1330.923,-1.745,0.873,,,,,,,,,,,,,,,,,,,,,,,,,,,,,,,,,,,,,,,,,,,,,,,,,,,,,,,,,,,,,,,,,,,,,,,,,,,,,,,,,,,,,,,,,,,,,,,,,,,,,,,,,,,,,,,,,,,,,,,,,,,,,,,,,,,,,,,,,,,,,,,,,,,,,,,,,,,,,,,,,,,,,,,,,,,,,,,,,,,,,,,,,,,,,,,,,,,,,,,,,,,,,,,,,,,,,,,,,,,,,,,,,,,,,
30,UU456,7,1,7/11/24,19:28:14,0.00746,67.06,0.00428,116.876,0.00231,216.196,0.00159,315.328,0.00121,413.935,0.000976,512.219,1088.389,17.996,-1.819,0.909,9e-06,-0.00134,1498.52,-0.000944,2117.675,-0.000615,3252.572,-0.00046,4352.785,-0.000368,5437.634,-0.000308,6485.841,12164.87,1000.6,-9.048,4.524,0.00249,-0.000382,5237.426,-0.000219,9121.009,-0.00012,16694.21,-8.24e-05,24267.02,-6.28e-05,31860.68,-5.07e-05,39437.39,83513.03,1490.047,-1.963,0.981,,,,,,,,,,,,,,,,,,,,,,,,,,,,,,,,,,,,,,,,,,,,,,,,,,,,,,,,,,,,,,,,,,,,,,,,,,,,,,,,,,,,,,,,,,,,,,,,,,,,,,,,,,,,,,,,,,,,,,,,,,,,,,,,,,,,,,,,,,,,,,,,,,,,,,,,,,,,,,,,,,,,,,,,,,,,,,,,,,,,,,,,,,,,,,,,,,,,,,,,,,,,,,,,,,,,,,,,,,,,,,,,,,,,,
31,UU456,7,2,7/11/24,19:28:14,0.00751,66.541,0.00432,115.888,0.00233,214.361,0.0016,313.028,0.00122,411.272,0.000981,509.797,1083.422,17.375,-1.764,0.882,8.43e-06,-0.00141,1422.384,-0.000982,2036.757,-0.000633,3158.001,-0.00047,4256.17,-0.000376,5326.289,-0.000313,6387.858,12097.7,923.451,-8.397,4.198,0.00213,-0.000388,5157.377,-0.000223,8952.552,-0.000122,16453.73,-8.35e-05,23951.69,-6.36e-05,31449.01,-5.13e-05,38985.98,82622.16,1421.367,-1.892,0.946,,,,,,,,,,,,,,,,,,,,,,,,,,,,,,,,,,,,,,,,,,,,,,,,,,,,,,,,,,,,,,,,,,,,,,,,,,,,,,,,,,,,,,,,,,,,,,,,,,,,,,,,,,,,,,,,,,,,,,,,,,,,,,,,,,,,,,,,,,,,,,,,,,,,,,,,,,,,,,,,,,,,,,,,,,,,,,,,,,,,,,,,,,,,,,,,,,,,,,,,,,,,,,,,,,,,,,,,,,,,,,,,,,,,,
32,UU456,7,3,7/11/24,19:28:14,0.00731,68.415,0.00425,117.722,0.00231,216.87,0.00159,315.266,0.00121,413.568,0.000976,512.089,1084.473,19.302,-1.958,0.979,1.04e-05,-0.00136,1469.357,-0.000965,2073.536,-0.00062,3224.382,-0.000464,4314.147,-0.000373,5361.772,-0.000311,6432.481,12088.6,973.624,-8.859,4.43,0.00237,-0.000382,5237.192,-0.000219,9122.756,-0.000119,16758.14,-8.21e-05,24366.83,-6.25e-05,31983.16,-5.05e-05,39634.1,83983.85,1460.212,-1.913,0.956,,,,,,,,,,,,,,,,,,,,,,,,,,,,,,,,,,,,,,,,,,,,,,,,,,,,,,,,,,,,,,,,,,,,,,,,,,,,,,,,,,,,,,,,,,,,,,,,,,,,,,,,,,,,,,,,,,,,,,,,,,,,,,,,,,,,,,,,,,,,,,,,,,,,,,,,,,,,,,,,,,,,,,,,,,,,,,,,,,,,,,,,,,,,,,,,,,,,,,,,,,,,,,,,,,,,,,,,,,,,,,,,,,,,,
33,UU456,7,4,7/11/24,19:28:14,0.00775,64.545,0.00443,112.999,0.00238,210.216,0.00163,307.38,0.00124,404.263,0.000998,501.257,1067.675,16.035,-1.652,0.826,7.29e-06,-0.00141,1414.457,-0.000987,2027.174,-0.000637,3141.291,-0.000474,4217.221,-0.00038,5261.067,-0.000317,6303.024,11900.8,932.487,-8.619,4.31,0.00221,-0.000394,5081.456,-0.000226,8833.259,-0.000123,16210.35,-8.46e-05,23635.1,-6.42e-05,31136.3,-5.17e-05,38719.25,82093.69,1323.026,-1.773,0.886,,,,,,,,,,,,,,,,,,,,,,,,,,,,,,,,,,,,,,,,,,,,,,,,,,,,,,,,,,,,,,,,,,,,,,,,,,,,,,,,,,,,,,,,,,,,,,,,,,,,,,,,,,,,,,,,,,,,,,,,,,,,,,,,,,,,,,,,,,,,,,,,,,,,,,,,,,,,,,,,,,,,,,,,,,,,,,,,,,,,,,,,,,,,,,,,,,,,,,,,,,,,,,,,,,,,,,,,,,,,,,,,,,,,,
34,UU456,7,5,7/11/24,19:28:14,0.00737,67.803,0.0043,116.306,0.00233,214.829,0.0016,312.977,0.00122,410.243,0.000984,508.085,1076.782,18.827,-1.923,0.962,9.96e-06,-0.00142,1404.721,-0.00099,2020.025,-0.000636,3145.916,-0.000474,4223.205,-0.000378,5286.614,-0.000316,6329.154,11995.36,917.845,-8.417,4.208,0.00212,-0.000393,5089.913,-0.000225,8886.914,-0.000123,16314.01,-8.42e-05,23754.66,-6.4e-05,31268.66,-5.15e-05,38818.37,82320.87,1355.84,-1.812,0.906,,,,,,,,,,,,,,,,,,,,,,,,,,,,,,,,,,,,,,,,,,,,,,,,,,,,,,,,,,,,,,,,,,,,,,,,,,,,,,,,,,,,,,,,,,,,,,,,,,,,,,,,,,,,,,,,,,,,,,,,,,,,,,,,,,,,,,,,,,,,,,,,,,,,,,,,,,,,,,,,,,,,,,,,,,,,,,,,,,,,,,,,,,,,,,,,,,,,,,,,,,,,,,,,,,,,,,,,,,,,,,,,,,,,,
35,UU456,8,1,7/11/24,19:57:58,0.00775,64.549,0.00441,113.303,0.00236,211.531,0.00162,309.417,0.00123,406.762,0.000991,504.411,1075.453,15.76,-1.612,0.806,6.99e-06,-0.00136,1468.008,-0.00096,2083.49,-0.000619,3230.392,-0.000462,4329.773,-0.000371,5385.276,-0.00031,6459.051,12151.94,972.133,-8.8,4.4,0.00235,-0.000378,5297.592,-0.000218,9174.312,-0.000119,16805.03,-8.2e-05,24389.68,-6.25e-05,31983.42,-5.05e-05,39598.63,83759.07,1537.41,-2.019,1.01,,,,,,,,,,,,,,,,,,,,,,,,,,,,,,,,,,,,,,,,,,,,,,,,,,,,,,,,,,,,,,,,,,,,,,,,,,,,,,,,,,,,,,,,,,,,,,,,,,,,,,,,,,,,,,,,,,,,,,,,,,,,,,,,,,,,,,,,,,,,,,,,,,,,,,,,,,,,,,,,,,,,,,,,,,,,,,,,,,,,,,,,,,,,,,,,,,,,,,,,,,,,,,,,,,,,,,,,,,,,,,,,,,,,,
36,UU456,8,2,7/11/24,19:57:58,0.00795,62.884,0.00447,111.882,0.00238,209.844,0.00163,307.723,0.00123,405.479,0.000994,503.214,1076.385,14.05,-1.436,0.718,5.55e-06,-0.0014,1429.817,-0.000976,2049.449,-0.00063,3175.853,-0.000468,4277.819,-0.000374,5346.021,-0.000313,6392.431,12099.15,937.098,-8.52,4.26,0.0022,-0.000377,5309.659,-0.00022,9113.693,-0.00012,16641.43,-8.28e-05,24167.4,-6.31e-05,31720.35,-5.09e-05,39268.97,82966.73,1552.315,-2.058,1.029,,,,,,,,,,,,,,,,,,,,,,,,,,,,,,,,,,,,,,,,,,,,,,,,,,,,,,,,,,,,,,,,,,,,,,,,,,,,,,,,,,,,,,,,,,,,,,,,,,,,,,,,,,,,,,,,,,,,,,,,,,,,,,,,,,,,,,,,,,,,,,,,,,,,,,,,,,,,,,,,,,,,,,,,,,,,,,,,,,,,,,,,,,,,,,,,,,,,,,,,,,,,,,,,,,,,,,,,,,,,,,,,,,,,,
37,UU456,8,3,7/11/24,19:57:58,0.00767,65.162,0.00439,113.956,0.00236,211.562,0.00162,309.385,0.00123,407.468,0.00099,505.074,1075.64,16.155,-1.652,0.826,7.34e-06,-0.0014,1433.723,-0.000976,2049.348,-0.000627,3188.897,-0.000468,4270.01,-0.000374,5344.507,-0.000312,6405.658,12107.11,938.689,-8.529,4.264,0.0022,-0.000383,5222.941,-0.000219,9122.631,-0.00012,16735.7,-8.21e-05,24352.73,-6.26e-05,31969.87,-5.05e-05,39573.55,83891.3,1461.168,-1.916,0.958,,,,,,,,,,,,,,,,,,,,,,,,,,,,,,,,,,,,,,,,,,,,,,,,,,,,,,,,,,,,,,,,,,,,,,,,,,,,,,,,,,,,,,,,,,,,,,,,,,,,,,,,,,,,,,,,,,,,,,,,,,,,,,,,,,,,,,,,,,,,,,,,,,,,,,,,,,,,,,,,,,,,,,,,,,,,,,,,,,,,,,,,,,,,,,,,,,,,,,,,,,,,,,,,,,,,,,,,,,,,,,,,,,,,,
38,UU456,8,4,7/11/24,19:57:58,0.00814,61.421,0.00456,109.632,0.00243,206.008,0.00165,302.283,0.00126,398.524,0.00101,494.692,1059.122,13.36,-1.388,0.694,5.1e-06,-0.00141,1421.424,-0.000985,2031.527,-0.000634,3155.968,-0.000473,4232.795,-0.000377,5304.646,-0.000315,6357.461,12023.63,926.906,-8.48,4.24,0.00216,-0.000385,5193.483,-0.000223,8971.063,-0.000122,16369.42,-8.41e-05,23783.11,-6.41e-05,31226.38,-5.17e-05,38700.44,81804.02,1495.758,-2.011,1.006,,,,,,,,,,,,,,,,,,,,,,,,,,,,,,,,,,,,,,,,,,,,,,,,,,,,,,,,,,,,,,,,,,,,,,,,,,,,,,,,,,,,,,,,,,,,,,,,,,,,,,,,,,,,,,,,,,,,,,,,,,,,,,,,,,,,,,,,,,,,,,,,,,,,,,,,,,,,,,,,,,,,,,,,,,,,,,,,,,,,,,,,,,,,,,,,,,,,,,,,,,,,,,,,,,,,,,,,,,,,,,,,,,,,,
39,UU456,8,5,7/11/24,19:57:58,0.00784,63.809,0.00445,112.391,0.00238,210.112,0.00163,307.467,0.00124,404.619,0.000997,501.663,1070.625,15.242,-1.566,0.783,6.56e-06,-0.00141,1414.497,-0.000991,2018.408,-0.000637,3137.599,-0.000474,4222.34,-0.000379,5281.909,-0.000316,6323.211,11970.52,921.737,-8.47,4.235,0.00215,-0.00039,5132.535,-0.000224,8920.766,-0.000122,16384.31,-8.35e-05,23943.35,-6.35e-05,31493.53,-5.12e-05,39084.56,82940.72,1348.015,-1.788,0.894,,,,,,,,,,,,,,,,,,,,,,,,,,,,,,,,,,,,,,,,,,,,,,,,,,,,,,,,,,,,,,,,,,,,,,,,,,,,,,,,,,,,,,,,,,,,,,,,,,,,,,,,,,,,,,,,,,,,,,,,,,,,,,,,,,,,,,,,,,,,,,,,,,,,,,,,,,,,,,,,,,,,,,,,,,,,,,,,,,,,,,,,,,,,,,,,,,,,,,,,,,,,,,,,,,,,,,,,,,,,,,,,,,,,,
40,UU456,9,1,7/11/24,20:16:38,0.00752,66.474,0.00435,115.037,0.00235,212.661,0.00161,309.812,0.00123,406.746,0.000993,503.747,1069.032,18.019,-1.854,0.927,9.19e-06,-0.00139,1437.887,-0.000973,2055.558,-0.000628,3184.282,-0.00047,4251.791,-0.000377,5310.52,-0.000315,6352.998,11963.29,955.945,-8.79,4.395,0.00231,-0.000383,5217.832,-0.00022,9088.761,-0.00012,16642.54,-8.27e-05,24194.65,-6.3e-05,31756.42,-5.09e-05,39313.82,83256.61,1482.977,-1.959,0.98,,,,,,,,,,,,,,,,,,,,,,,,,,,,,,,,,,,,,,,,,,,,,,,,,,,,,,,,,,,,,,,,,,,,,,,,,,,,,,,,,,,,,,,,,,,,,,,,,,,,,,,,,,,,,,,,,,,,,,,,,,,,,,,,,,,,,,,,,,,,,,,,,,,,,,,,,,,,,,,,,,,,,,,,,,,,,,,,,,,,,,,,,,,,,,,,,,,,,,,,,,,,,,,,,,,,,,,,,,,,,,,,,,,,,
41,UU456,9,2,7/11/24,20:16:38,0.00793,63.065,0.00448,111.701,0.00239,209.424,0.00163,307.227,0.00124,404.528,0.000996,501.826,1072.946,14.315,-1.468,0.734,5.78e-06,-0.00141,1417.003,-0.000986,2027.861,-0.00063,3177.104,-0.000472,4240.711,-0.000376,5317.296,-0.000314,6369.163,12061.38,925.592,-8.441,4.221,0.00215,-0.000386,5188.727,-0.000222,8997.418,-0.000122,16453.73,-8.35e-05,23942.38,-6.36e-05,31438.63,-5.13e-05,38972.53,82486.48,1460.402,-1.948,0.974,,,,,,,,,,,,,,,,,,,,,,,,,,,,,,,,,,,,,,,,,,,,,,,,,,,,,,,,,,,,,,,,,,,,,,,,,,,,,,,,,,,,,,,,,,,,,,,,,,,,,,,,,,,,,,,,,,,,,,,,,,,,,,,,,,,,,,,,,,,,,,,,,,,,,,,,,,,,,,,,,,,,,,,,,,,,,,,,,,,,,,,,,,,,,,,,,,,,,,,,,,,,,,,,,,,,,,,,,,,,,,,,,,,,,
42,UU456,9,3,7/11/24,20:16:38,0.0076,65.81,0.00437,114.393,0.00236,211.75,0.00162,309.092,0.00123,406.501,0.000993,503.609,1070.447,17.133,-1.761,0.88,8.3e-06,-0.0014,1426.849,-0.000978,2044.141,-0.000631,3171.507,-0.000471,4243.186,-0.000376,5313.129,-0.000315,6357.279,12005.96,939.768,-8.61,4.305,0.00223,-0.000385,5198.667,-0.00022,9092.604,-0.000119,16774.3,-8.19e-05,24414.81,-6.24e-05,32078.63,-5.03e-05,39785.32,84446.1,1392.005,-1.813,0.907,,,,,,,,,,,,,,,,,,,,,,,,,,,,,,,,,,,,,,,,,,,,,,,,,,,,,,,,,,,,,,,,,,,,,,,,,,,,,,,,,,,,,,,,,,,,,,,,,,,,,,,,,,,,,,,,,,,,,,,,,,,,,,,,,,,,,,,,,,,,,,,,,,,,,,,,,,,,,,,,,,,,,,,,,,,,,,,,,,,,,,,,,,,,,,,,,,,,,,,,,,,,,,,,,,,,,,,,,,,,,,,,,,,,,
43,UU456,9,4,7/11/24,20:16:38,0.00812,61.552,0.00457,109.465,0.00244,205.304,0.00166,301.441,0.00126,397.45,0.00101,493.209,1055.467,13.529,-1.41,0.705,5.25e-06,-0.00143,1397.78,-0.000999,2001.151,-0.000642,3116.61,-0.000479,4171.821,-0.000383,5219.724,-0.00032,6258.566,11832.4,915.454,-8.511,4.255,0.00214,-0.000395,5061.279,-0.000226,8854.416,-0.000123,16301.11,-8.42e-05,23757.79,-6.4e-05,31240.34,-5.16e-05,38761.72,82279.38,1339.579,-1.791,0.895,,,,,,,,,,,,,,,,,,,,,,,,,,,,,,,,,,,,,,,,,,,,,,,,,,,,,,,,,,,,,,,,,,,,,,,,,,,,,,,,,,,,,,,,,,,,,,,,,,,,,,,,,,,,,,,,,,,,,,,,,,,,,,,,,,,,,,,,,,,,,,,,,,,,,,,,,,,,,,,,,,,,,,,,,,,,,,,,,,,,,,,,,,,,,,,,,,,,,,,,,,,,,,,,,,,,,,,,,,,,,,,,,,,,,
44,UU456,9,5,7/11/24,20:16:38,0.00771,64.832,0.00443,112.971,0.00238,209.942,0.00163,307.182,0.00124,403.877,0.000999,500.751,1066.051,16.232,-1.675,0.837,7.48e-06,-0.00143,1401.709,-0.001,1998.841,-0.000641,3122.302,-0.000478,4187.982,-0.000382,5229.497,-0.000319,6265.429,11853.6,917.159,-8.511,4.256,0.00215,-0.000393,5092.35,-0.000225,8878.077,-0.000123,16332.4,-8.38e-05,23860.0,-6.37e-05,31399.49,-5.14e-05,38941.34,82700.12,1328.608,-1.767,0.884,,,,,,,,,,,,,,,,,,,,,,,,,,,,,,,,,,,,,,,,,,,,,,,,,,,,,,,,,,,,,,,,,,,,,,,,,,,,,,,,,,,,,,,,,,,,,,,,,,,,,,,,,,,,,,,,,,,,,,,,,,,,,,,,,,,,,,,,,,,,,,,,,,,,,,,,,,,,,,,,,,,,,,,,,,,,,,,,,,,,,,,,,,,,,,,,,,,,,,,,,,,,,,,,,,,,,,,,,,,,,,,,,,,,,
45,UU456,10,1,7/11/24,20:35:02,0.00743,67.277,0.00431,115.919,0.00234,213.843,0.00161,311.6,0.00122,409.222,0.000987,506.842,1074.8,18.369,-1.88,0.94,9.5e-06,-0.00137,1461.956,-0.000975,2052.254,-0.000626,3194.179,-0.000466,4289.333,-0.000374,5346.665,-0.000312,6402.049,12060.72,958.63,-8.743,4.372,0.00231,-0.000266,7517.836,-0.00015,13366.48,-8.01e-05,24963.9,-5.48e-05,36513.47,-4.16e-05,48069.64,-3.35e-05,59669.43,127389.4,1766.241,-1.525,0.763,,,,,,,,,,,,,,,,,,,,,,,,,,,,,,,,,,,,,,,,,,,,,,,,,,,,,,,,,,,,,,,,,,,,,,,,,,,,,,,,,,,,,,,,,,,,,,,,,,,,,,,,,,,,,,,,,,,,,,,,,,,,,,,,,,,,,,,,,,,,,,,,,,,,,,,,,,,,,,,,,,,,,,,,,,,,,,,,,,,,,,,,,,,,,,,,,,,,,,,,,,,,,,,,,,,,,,,,,,,,,,,,,,,,,
46,UU456,10,2,7/11/24,20:35:02,0.00782,63.94,0.00444,112.751,0.00237,210.657,0.00162,308.322,0.00123,406.088,0.000993,503.529,1074.81,15.13,-1.548,0.774,6.44e-06,-0.00142,1407.777,-0.000991,2019.109,-0.000636,3146.846,-0.000474,4221.458,-0.000378,5294.563,-0.000316,6337.718,12014.0,916.444,-8.391,4.195,0.00212,-0.000263,7596.764,-0.000149,13408.51,-8.03e-05,24901.14,-5.5e-05,36398.91,-4.18e-05,47896.96,-3.37e-05,59434.48,126626.9,1867.985,-1.623,0.811,,,,,,,,,,,,,,,,,,,,,,,,,,,,,,,,,,,,,,,,,,,,,,,,,,,,,,,,,,,,,,,,,,,,,,,,,,,,,,,,,,,,,,,,,,,,,,,,,,,,,,,,,,,,,,,,,,,,,,,,,,,,,,,,,,,,,,,,,,,,,,,,,,,,,,,,,,,,,,,,,,,,,,,,,,,,,,,,,,,,,,,,,,,,,,,,,,,,,,,,,,,,,,,,,,,,,,,,,,,,,,,,,,,,,
47,UU456,10,3,7/11/24,20:35:02,0.00761,65.723,0.00436,114.678,0.00236,212.072,0.00162,309.49,0.00123,407.239,0.00099,504.923,1073.288,16.961,-1.738,0.869,8.11e-06,-0.00141,1421.878,-0.000983,2035.69,-0.000633,3159.663,-0.000471,4244.708,-0.000377,5305.997,-0.000315,6347.111,12003.5,933.504,-8.555,4.277,0.0022,-0.00027,7400.966,-0.000151,13269.46,-8.04e-05,24872.68,-5.49e-05,36415.88,-4.17e-05,48014.25,-3.36e-05,59614.3,127532.7,1647.081,-1.421,0.71,,,,,,,,,,,,,,,,,,,,,,,,,,,,,,,,,,,,,,,,,,,,,,,,,,,,,,,,,,,,,,,,,,,,,,,,,,,,,,,,,,,,,,,,,,,,,,,,,,,,,,,,,,,,,,,,,,,,,,,,,,,,,,,,,,,,,,,,,,,,,,,,,,,,,,,,,,,,,,,,,,,,,,,,,,,,,,,,,,,,,,,,,,,,,,,,,,,,,,,,,,,,,,,,,,,,,,,,,,,,,,,,,,,,,
48,UU456,10,4,7/11/24,20:35:02,0.00802,62.329,0.00453,110.384,0.00242,206.705,0.00165,302.766,0.00125,399.014,0.00101,495.251,1058.224,14.219,-1.478,0.739,5.78e-06,-0.00144,1390.337,-0.00101,1990.723,-0.000644,3107.018,-0.00048,4165.955,-0.000383,5217.818,-0.000321,6239.744,11822.97,908.658,-8.454,4.227,0.00211,-0.000273,7329.712,-0.000153,13069.67,-8.19e-05,24431.72,-5.58e-05,35820.98,-4.23e-05,47256.41,-3.41e-05,58739.39,125569.8,1618.103,-1.417,0.709,,,,,,,,,,,,,,,,,,,,,,,,,,,,,,,,,,,,,,,,,,,,,,,,,,,,,,,,,,,,,,,,,,,,,,,,,,,,,,,,,,,,,,,,,,,,,,,,,,,,,,,,,,,,,,,,,,,,,,,,,,,,,,,,,,,,,,,,,,,,,,,,,,,,,,,,,,,,,,,,,,,,,,,,,,,,,,,,,,,,,,,,,,,,,,,,,,,,,,,,,,,,,,,,,,,,,,,,,,,,,,,,,,,,,
49,UU456,10,5,7/11/24,20:35:02,0.00781,64.043,0.00446,112.215,0.00238,209.976,0.00163,306.978,0.00124,404.034,0.000998,500.922,1068.49,15.428,-1.588,0.794,6.74e-06,-0.00144,1389.7,-0.000999,2001.738,-0.000644,3106.029,-0.000478,4183.558,-0.000383,5226.585,-0.00032,6257.118,11856.41,909.665,-8.44,4.22,0.00211,-0.000282,7097.66,-0.000155,12881.7,-8.2e-05,24377.04,-5.57e-05,35882.36,-4.22e-05,47375.74,-3.4e-05,58898.89,126577.4,1359.048,-1.181,0.591,,,,,,,,,,,,,,,,,,,,,,,,,,,,,,,,,,,,,,,,,,,,,,,,,,,,,,,,,,,,,,,,,,,,,,,,,,,,,,,,,,,,,,,,,,,,,,,,,,,,,,,,,,,,,,,,,,,,,,,,,,,,,,,,,,,,,,,,,,,,,,,,,,,,,,,,,,,,,,,,,,,,,,,,,,,,,,,,,,,,,,,,,,,,,,,,,,,,,,,,,,,,,,,,,,,,,,,,,,,,,,,,,,,,,
50,UU456,12,1,7/11/24,20:55:12,0.00747,66.917,0.0043,116.194,0.00235,213.191,0.00161,310.509,0.00123,408.0,0.00099,504.89,1070.31,18.59,-1.911,0.955,9.77e-06,-0.00104,1918.41,-0.000725,2760.315,-0.000466,4296.326,-0.000346,5787.992,-0.000275,7265.805,-0.00023,8693.687,16520.8,1240.536,-8.26,4.13,0.00282,-0.000362,5526.755,-0.000213,9412.695,-0.000117,17040.86,-8.12e-05,24620.41,-6.21e-05,32204.3,-5.03e-05,39770.84,83638.09,1787.03,-2.35,1.175,,,,,,,,,,,,,,,,,,,,,,,,,,,,,,,,,,,,,,,,,,,,,,,,,,,,,,,,,,,,,,,,,,,,,,,,,,,,,,,,,,,,,,,,,,,,,,,,,,,,,,,,,,,,,,,,,,,,,,,,,,,,,,,,,,,,,,,,,,,,,,,,,,,,,,,,,,,,,,,,,,,,,,,,,,,,,,,,,,,,,,,,,,,,,,,,,,,,,,,,,,,,,,,,,,,,,,,,,,,,,,,,,,,,,
51,UU456,12,2,7/11/24,20:55:12,0.00773,64.689,0.00441,113.409,0.00237,211.397,0.00162,308.94,0.00123,406.514,0.000993,503.764,1073.649,15.974,-1.637,0.818,7.19e-06,-0.00103,1951.334,-0.000716,2795.389,-0.00046,4351.374,-0.000342,5844.757,-0.000273,7327.698,-0.000228,8769.353,16620.58,1269.998,-8.405,4.203,0.00294,-0.000357,5595.251,-0.000212,9423.738,-0.000118,16898.17,-8.22e-05,24340.79,-6.28e-05,31829.9,-5.08e-05,39358.38,82393.69,1891.016,-2.525,1.262,,,,,,,,,,,,,,,,,,,,,,,,,,,,,,,,,,,,,,,,,,,,,,,,,,,,,,,,,,,,,,,,,,,,,,,,,,,,,,,,,,,,,,,,,,,,,,,,,,,,,,,,,,,,,,,,,,,,,,,,,,,,,,,,,,,,,,,,,,,,,,,,,,,,,,,,,,,,,,,,,,,,,,,,,,,,,,,,,,,,,,,,,,,,,,,,,,,,,,,,,,,,,,,,,,,,,,,,,,,,,,,,,,,,,
52,UU456,12,3,7/11/24,20:55:12,0.00759,65.896,0.00436,114.81,0.00236,211.667,0.00162,309.565,0.00123,407.077,0.000992,504.161,1071.572,17.206,-1.766,0.883,8.36e-06,-0.00105,1906.323,-0.000727,2750.57,-0.000466,4293.974,-0.000346,5785.062,-0.000275,7262.902,-0.000231,8678.521,16520.8,1233.006,-8.21,4.105,0.00278,-0.000367,5445.808,-0.000213,9396.156,-0.000117,17110.69,-8.07e-05,24771.94,-6.17e-05,32411.13,-4.99e-05,40107.81,84596.16,1673.298,-2.176,1.088,,,,,,,,,,,,,,,,,,,,,,,,,,,,,,,,,,,,,,,,,,,,,,,,,,,,,,,,,,,,,,,,,,,,,,,,,,,,,,,,,,,,,,,,,,,,,,,,,,,,,,,,,,,,,,,,,,,,,,,,,,,,,,,,,,,,,,,,,,,,,,,,,,,,,,,,,,,,,,,,,,,,,,,,,,,,,,,,,,,,,,,,,,,,,,,,,,,,,,,,,,,,,,,,,,,,,,,,,,,,,,,,,,,,,
53,UU456,12,4,7/11/24,20:55:12,0.00803,62.237,0.00454,110.259,0.00243,205.766,0.00166,302.131,0.00126,397.747,0.00101,493.165,1053.765,14.409,-1.504,0.752,5.96e-06,-0.00106,1883.151,-0.000736,2717.174,-0.000469,4267.705,-0.000349,5736.543,-0.000278,7200.616,-0.000233,8602.483,16393.69,1217.909,-8.172,4.086,0.00274,-0.000375,5341.124,-0.000219,9122.34,-0.000121,16561.5,-8.34e-05,23990.16,-6.37e-05,31422.97,-5.15e-05,38858.49,81867.46,1656.328,-2.226,1.113,,,,,,,,,,,,,,,,,,,,,,,,,,,,,,,,,,,,,,,,,,,,,,,,,,,,,,,,,,,,,,,,,,,,,,,,,,,,,,,,,,,,,,,,,,,,,,,,,,,,,,,,,,,,,,,,,,,,,,,,,,,,,,,,,,,,,,,,,,,,,,,,,,,,,,,,,,,,,,,,,,,,,,,,,,,,,,,,,,,,,,,,,,,,,,,,,,,,,,,,,,,,,,,,,,,,,,,,,,,,,,,,,,,,,
54,UU456,12,5,7/11/24,20:55:12,0.0076,65.834,0.0044,113.541,0.00238,210.495,0.00163,307.598,0.00124,404.279,0.000998,500.905,1064.462,17.121,-1.769,0.885,8.33e-06,-0.00104,1918.447,-0.000726,2753.399,-0.000468,4276.026,-0.000348,5750.117,-0.000278,7203.91,-0.000232,8632.373,16355.21,1248.051,-8.394,4.197,0.00288,-0.000378,5292.658,-0.00022,9094.588,-0.000121,16524.42,-8.36e-05,23917.52,-6.38e-05,31374.57,-5.15e-05,38819.12,81847.54,1615.371,-2.171,1.085,,,,,,,,,,,,,,,,,,,,,,,,,,,,,,,,,,,,,,,,,,,,,,,,,,,,,,,,,,,,,,,,,,,,,,,,,,,,,,,,,,,,,,,,,,,,,,,,,,,,,,,,,,,,,,,,,,,,,,,,,,,,,,,,,,,,,,,,,,,,,,,,,,,,,,,,,,,,,,,,,,,,,,,,,,,,,,,,,,,,,,,,,,,,,,,,,,,,,,,,,,,,,,,,,,,,,,,,,,,,,,,,,,,,,
55,UU456,13,1,7/11/24,21:13:38,0.00739,67.683,0.0043,116.318,0.00234,213.508,0.00161,310.455,0.00123,407.488,0.000992,504.237,1067.199,19.318,-1.991,0.996,1.06e-05,-0.00105,1905.506,-0.000727,2751.414,-0.000465,4304.908,-0.000345,5796.53,-0.000276,7247.585,-0.00023,8697.884,16538.04,1233.37,-8.204,4.102,0.00278,-0.000362,5518.855,-0.000213,9390.642,-0.000118,17000.15,-8.14e-05,24581.68,-6.22e-05,32161.89,-5.03e-05,39739.0,83581.72,1769.676,-2.329,1.165,,,,,,,,,,,,,,,,,,,,,,,,,,,,,,,,,,,,,,,,,,,,,,,,,,,,,,,,,,,,,,,,,,,,,,,,,,,,,,,,,,,,,,,,,,,,,,,,,,,,,,,,,,,,,,,,,,,,,,,,,,,,,,,,,,,,,,,,,,,,,,,,,,,,,,,,,,,,,,,,,,,,,,,,,,,,,,,,,,,,,,,,,,,,,,,,,,,,,,,,,,,,,,,,,,,,,,,,,,,,,,,,,,,,,
56,UU456,13,2,7/11/24,21:13:38,0.00768,65.113,0.00439,113.789,0.00236,211.749,0.00162,308.812,0.00123,406.019,0.000994,503.191,1070.88,16.618,-1.707,0.853,7.8e-06,-0.00104,1921.913,-0.000717,2789.07,-0.000463,4316.187,-0.000343,5824.926,-0.000274,7298.524,-0.000229,8720.524,16565.77,1254.744,-8.332,4.166,0.00288,-0.000364,5495.125,-0.000214,9329.185,-0.000119,16812.37,-8.23e-05,24311.38,-6.29e-05,31804.85,-5.09e-05,39325.88,82597.67,1781.862,-2.373,1.187,,,,,,,,,,,,,,,,,,,,,,,,,,,,,,,,,,,,,,,,,,,,,,,,,,,,,,,,,,,,,,,,,,,,,,,,,,,,,,,,,,,,,,,,,,,,,,,,,,,,,,,,,,,,,,,,,,,,,,,,,,,,,,,,,,,,,,,,,,,,,,,,,,,,,,,,,,,,,,,,,,,,,,,,,,,,,,,,,,,,,,,,,,,,,,,,,,,,,,,,,,,,,,,,,,,,,,,,,,,,,,,,,,,,,
57,UU456,13,3,7/11/24,21:13:38,0.00757,66.032,0.00436,114.796,0.00236,211.827,0.00162,309.506,0.00123,406.716,0.000993,503.65,1070.034,17.459,-1.795,0.897,8.62e-06,-0.00106,1894.137,-0.000732,2730.741,-0.000467,4284.086,-0.000346,5780.464,-0.000277,7231.547,-0.00023,8695.539,16562.27,1213.129,-8.057,4.029,0.00269,-0.000367,5444.147,-0.000213,9395.626,-0.000117,17088.61,-8.08e-05,24766.27,-6.17e-05,32431.21,-4.99e-05,40062.98,84549.2,1675.23,-2.18,1.09,,,,,,,,,,,,,,,,,,,,,,,,,,,,,,,,,,,,,,,,,,,,,,,,,,,,,,,,,,,,,,,,,,,,,,,,,,,,,,,,,,,,,,,,,,,,,,,,,,,,,,,,,,,,,,,,,,,,,,,,,,,,,,,,,,,,,,,,,,,,,,,,,,,,,,,,,,,,,,,,,,,,,,,,,,,,,,,,,,,,,,,,,,,,,,,,,,,,,,,,,,,,,,,,,,,,,,,,,,,,,,,,,,,,,
58,UU456,13,4,7/11/24,21:13:38,0.00795,62.892,0.00451,110.836,0.00242,206.312,0.00165,302.265,0.00126,398.099,0.00101,494.257,1054.198,14.866,-1.551,0.776,6.34e-06,-0.00107,1866.124,-0.000743,2691.258,-0.000473,4230.485,-0.000351,5698.996,-0.000281,7130.735,-0.000233,8571.294,16327.28,1197.044,-8.065,4.032,0.00266,-0.00038,5269.314,-0.00022,9108.588,-0.00012,16619.58,-8.31e-05,24069.33,-6.34e-05,31552.66,-5.12e-05,39073.95,82500.14,1573.867,-2.098,1.049,,,,,,,,,,,,,,,,,,,,,,,,,,,,,,,,,,,,,,,,,,,,,,,,,,,,,,,,,,,,,,,,,,,,,,,,,,,,,,,,,,,,,,,,,,,,,,,,,,,,,,,,,,,,,,,,,,,,,,,,,,,,,,,,,,,,,,,,,,,,,,,,,,,,,,,,,,,,,,,,,,,,,,,,,,,,,,,,,,,,,,,,,,,,,,,,,,,,,,,,,,,,,,,,,,,,,,,,,,,,,,,,,,,,,
59,UU456,13,5,7/11/24,21:13:38,0.00773,64.68,0.00443,112.826,0.00238,210.273,0.00163,306.822,0.00124,403.675,0.001,500.184,1065.0,16.296,-1.683,0.842,7.54e-06,-0.00105,1907.05,-0.000732,2731.625,-0.00047,4251.972,-0.000349,5725.688,-0.000279,7172.855,-0.000233,8598.009,16308.24,1234.568,-8.327,4.164,0.00283,-0.000381,5248.627,-0.000221,9052.969,-0.000121,16519.51,-8.35e-05,23951.67,-6.36e-05,31455.84,-5.14e-05,38914.97,82224.76,1546.908,-2.069,1.035,,,,,,,,,,,,,,,,,,,,,,,,,,,,,,,,,,,,,,,,,,,,,,,,,,,,,,,,,,,,,,,,,,,,,,,,,,,,,,,,,,,,,,,,,,,,,,,,,,,,,,,,,,,,,,,,,,,,,,,,,,,,,,,,,,,,,,,,,,,,,,,,,,,,,,,,,,,,,,,,,,,,,,,,,,,,,,,,,,,,,,,,,,,,,,,,,,,,,,,,,,,,,,,,,,,,,,,,,,,,,,,,,,,,,
60,UU456,14,1,7/11/24,21:32:14,0.00753,66.416,0.00434,115.162,0.00235,212.771,0.00161,310.264,0.00123,407.661,0.000991,504.766,1071.786,17.799,-1.827,0.913,8.94e-06,-0.00103,1944.655,-0.000724,2762.774,-0.00046,4345.323,-0.000343,5836.843,-0.000274,7298.551,-0.000229,8747.452,16600.01,1257.445,-8.332,4.166,0.00288,-0.000259,7712.538,-0.000148,13543.44,-7.98e-05,25068.91,-5.48e-05,36520.01,-4.17e-05,47999.04,-3.36e-05,59495.13,126474.1,2020.903,-1.758,0.879,,,,,,,,,,,,,,,,,,,,,,,,,,,,,,,,,,,,,,,,,,,,,,,,,,,,,,,,,,,,,,,,,,,,,,,,,,,,,,,,,,,,,,,,,,,,,,,,,,,,,,,,,,,,,,,,,,,,,,,,,,,,,,,,,,,,,,,,,,,,,,,,,,,,,,,,,,,,,,,,,,,,,,,,,,,,,,,,,,,,,,,,,,,,,,,,,,,,,,,,,,,,,,,,,,,,,,,,,,,,,,,,,,,,,
61,UU456,14,2,7/11/24,21:32:14,0.00763,65.554,0.00438,114.063,0.00236,211.753,0.00162,309.383,0.00123,406.534,0.000992,503.85,1071.751,16.824,-1.727,0.863,7.99e-06,-0.00105,1903.257,-0.000727,2749.908,-0.000464,4311.181,-0.000345,5803.881,-0.000275,7269.898,-0.000229,8717.104,16599.18,1227.578,-8.135,4.067,0.00275,-0.000255,7842.737,-0.000147,13624.81,-8e-05,25011.88,-5.49e-05,36457.7,-4.18e-05,47876.44,-3.37e-05,59361.27,125830.5,2144.71,-1.875,0.937,,,,,,,,,,,,,,,,,,,,,,,,,,,,,,,,,,,,,,,,,,,,,,,,,,,,,,,,,,,,,,,,,,,,,,,,,,,,,,,,,,,,,,,,,,,,,,,,,,,,,,,,,,,,,,,,,,,,,,,,,,,,,,,,,,,,,,,,,,,,,,,,,,,,,,,,,,,,,,,,,,,,,,,,,,,,,,,,,,,,,,,,,,,,,,,,,,,,,,,,,,,,,,,,,,,,,,,,,,,,,,,,,,,,,
62,UU456,14,3,7/11/24,21:32:14,0.00771,64.83,0.0044,113.711,0.00237,210.96,0.00162,308.663,0.00123,406.253,0.000993,503.613,1072.661,16.092,-1.65,0.825,7.3e-06,-0.00105,1907.542,-0.000725,2759.637,-0.000461,4334.981,-0.000343,5829.018,-0.000274,7301.775,-0.000229,8752.429,16673.55,1231.808,-8.127,4.063,0.00275,-0.000262,7645.143,-0.000148,13541.24,-7.95e-05,25148.76,-5.45e-05,36702.57,-4.14e-05,48260.92,-3.34e-05,59854.25,127495.7,1916.644,-1.654,0.827,,,,,,,,,,,,,,,,,,,,,,,,,,,,,,,,,,,,,,,,,,,,,,,,,,,,,,,,,,,,,,,,,,,,,,,,,,,,,,,,,,,,,,,,,,,,,,,,,,,,,,,,,,,,,,,,,,,,,,,,,,,,,,,,,,,,,,,,,,,,,,,,,,,,,,,,,,,,,,,,,,,,,,,,,,,,,,,,,,,,,,,,,,,,,,,,,,,,,,,,,,,,,,,,,,,,,,,,,,,,,,,,,,,,,
63,UU456,14,4,7/11/24,21:32:14,0.00821,60.871,0.0046,108.723,0.00245,204.322,0.00166,300.696,0.00126,396.596,0.00102,492.242,1054.967,12.818,-1.336,0.668,4.71e-06,-0.00107,1870.785,-0.000739,2704.899,-0.00047,4254.948,-0.00035,5713.47,-0.000279,7163.812,-0.000233,8580.487,16348.66,1208.609,-8.132,4.066,0.0027,-0.000268,7450.427,-0.000152,13130.08,-8.23e-05,24307.48,-5.63e-05,35503.8,-4.28e-05,46755.19,-3.45e-05,58062.06,123578.1,1846.057,-1.643,0.822,,,,,,,,,,,,,,,,,,,,,,,,,,,,,,,,,,,,,,,,,,,,,,,,,,,,,,,,,,,,,,,,,,,,,,,,,,,,,,,,,,,,,,,,,,,,,,,,,,,,,,,,,,,,,,,,,,,,,,,,,,,,,,,,,,,,,,,,,,,,,,,,,,,,,,,,,,,,,,,,,,,,,,,,,,,,,,,,,,,,,,,,,,,,,,,,,,,,,,,,,,,,,,,,,,,,,,,,,,,,,,,,,,,,,
64,UU456,14,5,7/11/24,21:32:14,0.00769,64.997,0.00443,112.908,0.00238,210.023,0.00163,306.852,0.00124,403.629,0.000999,500.588,1065.202,16.338,-1.687,0.844,7.58e-06,-0.00106,1891.074,-0.000736,2719.287,-0.000471,4249.37,-0.000349,5736.083,-0.000278,7183.289,-0.000232,8636.175,16428.07,1211.105,-8.109,4.055,0.0027,-0.000269,7432.071,-0.000152,13148.55,-8.17e-05,24467.23,-5.58e-05,35820.79,-4.24e-05,47209.89,-3.42e-05,58558.81,124946.9,1762.648,-1.552,0.776,,,,,,,,,,,,,,,,,,,,,,,,,,,,,,,,,,,,,,,,,,,,,,,,,,,,,,,,,,,,,,,,,,,,,,,,,,,,,,,,,,,,,,,,,,,,,,,,,,,,,,,,,,,,,,,,,,,,,,,,,,,,,,,,,,,,,,,,,,,,,,,,,,,,,,,,,,,,,,,,,,,,,,,,,,,,,,,,,,,,,,,,,,,,,,,,,,,,,,,,,,,,,,,,,,,,,,,,,,,,,,,,,,,,,
65,UU456,15,1,7/11/24,21:51:14,0.00727,68.761,0.00424,117.978,0.00231,216.379,0.00159,314.428,0.00121,412.164,0.00098,510.143,1078.773,19.961,-2.035,1.018,1.12e-05,-0.00105,1909.162,-0.000728,2748.956,-0.000467,4287.687,-0.000345,5790.22,-0.000277,7230.396,-0.00023,8681.083,16493.74,1234.388,-8.232,4.116,0.0028,-0.000259,7708.971,-0.000148,13552.43,-7.97e-05,25087.59,-5.47e-05,36581.2,-4.16e-05,48106.99,-3.35e-05,59648.25,126858.2,1988.459,-1.724,0.862,,,,,,,,,,,,,,,,,,,,,,,,,,,,,,,,,,,,,,,,,,,,,,,,,,,,,,,,,,,,,,,,,,,,,,,,,,,,,,,,,,,,,,,,,,,,,,,,,,,,,,,,,,,,,,,,,,,,,,,,,,,,,,,,,,,,,,,,,,,,,,,,,,,,,,,,,,,,,,,,,,,,,,,,,,,,,,,,,,,,,,,,,,,,,,,,,,,,,,,,,,,,,,,,,,,,,,,,,,,,,,,,,,,,,
66,UU456,15,2,7/11/24,21:51:14,0.00766,65.239,0.00438,114.04,0.00236,211.967,0.00161,309.951,0.00123,407.624,0.000989,505.429,1076.21,16.296,-1.666,0.833,7.46e-06,-0.00105,1905.433,-0.000725,2757.297,-0.000465,4302.315,-0.000345,5796.295,-0.000275,7275.505,-0.00023,8700.419,16565.5,1232.498,-8.184,4.092,0.00277,-0.000259,7715.603,-0.000148,13557.3,-8e-05,24995.41,-5.49e-05,36462.75,-4.17e-05,47953.23,-3.36e-05,59478.85,126391.9,2010.886,-1.75,0.875,,,,,,,,,,,,,,,,,,,,,,,,,,,,,,,,,,,,,,,,,,,,,,,,,,,,,,,,,,,,,,,,,,,,,,,,,,,,,,,,,,,,,,,,,,,,,,,,,,,,,,,,,,,,,,,,,,,,,,,,,,,,,,,,,,,,,,,,,,,,,,,,,,,,,,,,,,,,,,,,,,,,,,,,,,,,,,,,,,,,,,,,,,,,,,,,,,,,,,,,,,,,,,,,,,,,,,,,,,,,,,,,,,,,,
67,UU456,15,3,7/11/24,21:51:14,0.00742,67.379,0.0043,116.354,0.00233,214.292,0.0016,312.537,0.00122,410.715,0.000984,508.279,1078.284,18.359,-1.873,0.936,9.46e-06,-0.00105,1904.236,-0.000724,2761.386,-0.000464,4313.924,-0.000344,5807.673,-0.000276,7259.423,-0.00023,8693.573,16532.68,1240.694,-8.255,4.127,0.00282,-0.00026,7691.627,-0.000147,13595.82,-7.93e-05,25233.5,-5.43e-05,36837.7,-4.13e-05,48408.22,-3.33e-05,60075.94,127906.4,1935.163,-1.664,0.832,,,,,,,,,,,,,,,,,,,,,,,,,,,,,,,,,,,,,,,,,,,,,,,,,,,,,,,,,,,,,,,,,,,,,,,,,,,,,,,,,,,,,,,,,,,,,,,,,,,,,,,,,,,,,,,,,,,,,,,,,,,,,,,,,,,,,,,,,,,,,,,,,,,,,,,,,,,,,,,,,,,,,,,,,,,,,,,,,,,,,,,,,,,,,,,,,,,,,,,,,,,,,,,,,,,,,,,,,,,,,,,,,,,,,
68,UU456,15,4,7/11/24,21:51:14,0.00778,64.297,0.00444,112.576,0.0024,208.541,0.00164,305.196,0.00125,401.571,0.001,497.834,1059.84,16.101,-1.671,0.836,7.4e-06,-0.00107,1866.786,-0.000742,2696.45,-0.000472,4238.402,-0.00035,5710.468,-0.00028,7149.803,-0.000233,8578.059,16351.82,1199.794,-8.071,4.036,0.00266,-0.000264,7572.488,-0.00015,13353.99,-8.07e-05,24771.79,-5.53e-05,36161.53,-4.2e-05,47645.93,-3.38e-05,59123.67,125908.4,1868.843,-1.633,0.816,,,,,,,,,,,,,,,,,,,,,,,,,,,,,,,,,,,,,,,,,,,,,,,,,,,,,,,,,,,,,,,,,,,,,,,,,,,,,,,,,,,,,,,,,,,,,,,,,,,,,,,,,,,,,,,,,,,,,,,,,,,,,,,,,,,,,,,,,,,,,,,,,,,,,,,,,,,,,,,,,,,,,,,,,,,,,,,,,,,,,,,,,,,,,,,,,,,,,,,,,,,,,,,,,,,,,,,,,,,,,,,,,,,,,
69,UU456,15,5,7/11/24,21:51:14,0.00756,66.139,0.00438,114.189,0.00236,211.739,0.00162,308.911,0.00123,406.068,0.000994,503.222,1069.014,17.322,-1.782,0.891,8.49e-06,-0.00107,1872.817,-0.000742,2694.285,-0.000473,4224.784,-0.00035,5715.135,-0.00028,7139.491,-0.000233,8574.675,16335.88,1200.405,-8.083,4.042,0.00267,-0.000265,7534.688,-0.00015,13313.36,-8.09e-05,24722.49,-5.52e-05,36215.75,-4.19e-05,47727.34,-3.38e-05,59193.14,126253.7,1800.632,-1.569,0.784,,,,,,,,,,,,,,,,,,,,,,,,,,,,,,,,,,,,,,,,,,,,,,,,,,,,,,,,,,,,,,,,,,,,,,,,,,,,,,,,,,,,,,,,,,,,,,,,,,,,,,,,,,,,,,,,,,,,,,,,,,,,,,,,,,,,,,,,,,,,,,,,,,,,,,,,,,,,,,,,,,,,,,,,,,,,,,,,,,,,,,,,,,,,,,,,,,,,,,,,,,,,,,,,,,,,,,,,,,,,,,,,,,,,,
USL,,,,,,0.009173779483405762,74.22111002867945,0.00488099453911854,126.51533194224245,0.0025778050999661706,227.69638745939886,0.001710144188320901,326.2291005564052,0.001303462630365188,432.131360520506,0.001046932962010945,529.7991122192618,1132.5583572655207,26.47841911655579,-0.8122365325514783,1.1939760279935252,1.3846299489536296e-05,-0.0003236198556427157,2644.868419788807,-0.00014390839675055146,4211.389104219649,-8.088724257980496e-05,6470.632786800402,-0.00011106698345359091,8955.793652440756,-6.966754641879897e-05,10599.078465493529,-9.843982085234077e-05,12195.451882125639,22697.208339370445,1826.9958715399393,-6.906653294500506,5.039885687067815,0.004054586310367335,-0.0001012769215186952,10379.32604914641,-2.8716369723153705e-05,20071.539525405176,-1.5830657621388893e-05,34887.69488615498,-8.582558416054276e-06,58091.64910532786,-1.4427082659200064e-05,78672.67105914422,-5.013352111056967e-06,88175.0841000115,178643.97208759008,2952.520054472284,-0.3658308493721638,1.5802221511598376,,,,,,,,,,,,,,,,,,,,,,,,,,,,,,,,,,,,,,,,,,,,,,,,,,,,,,,,,,,,,,,,,,,,,,,,,,,,,,,,,,,,,,,,,,,,,,,,,,,,,,,,,,,,,,,,,,,,,,,,,,,,,,,,,,,,,,,,,,,,,,,,,,,,,,,,,,,,,,,,,,,,,,,,,,,,,,,,,,,,,,,,,,,,,,,,,,,,,,,,,,,,,,,,,,,,,,,,,,,,,,,,,,,,,
LSL,,,,,,0.006368220516594236,54.57180425703484,0.003965862603738604,99.6637537720433,0.0021710520428909717,193.61058396917252,0.0015384272402505274,289.9695851578804,0.0011653945124919548,378.7193823366369,0.0009423813237033403,475.4692877807382,1010.2939570201937,5.0420951691584825,-2.423049181734236,0.42365254343504627,3.277005104637046e-07,-0.002262380144357284,500.2064373540509,-0.0016620630318208772,294.639695780352,-0.0010809413288487663,540.1399846281702,-0.0007546758736892663,457.6964618449574,-0.0006247038821526297,1146.9805059350438,-0.0004800173220048022,1899.9392321600735,3955.9368034867002,233.02269988863236,-10.159432419785206,3.493142884360755,0.0007682708324898081,-0.000611408792767019,1104.6343508535901,-0.0003811407731339892,-53.30695397660202,-0.00020767219952146828,1903.8485424164464,-0.00014496887015537428,-4519.602248184998,-0.0001024757744836571,-8278.223916287068,-8.932379074608589e-05,-914.9252428686377,6404.597912409998,175.83337409914498,-3.411540579199265,0.30854927741159155,,,,,,,,,,,,,,,,,,,,,,,,,,,,,,,,,,,,,,,,,,,,,,,,,,,,,,,,,,,,,,,,,,,,,,,,,,,,,,,,,,,,,,,,,,,,,,,,,,,,,,,,,,,,,,,,,,,,,,,,,,,,,,,,,,,,,,,,,,,,,,,,,,,,,,,,,,,,,,,,,,,,,,,,,,,,,,,,,,,,,,,,,,,,,,,,,,,,,,,,,,,,,,,,,,,,,,,,,,,,,,,,,,,,,
Target,,,,,,0.007849575028215778,64.05748529726559,0.0044670992894412665,115.03557276097462,0.0023415909666546675,212.6071282712808,0.001633061550124095,311.0399036913782,0.0012393899005276742,401.9381823758363,0.000992668707775126,501.8296055464562,1070.7568579218796,16.312246865413982,-1.5620053785500916,0.8252239378566977,8.24895173738367e-06,-0.001197729864728474,1664.9423280228982,-0.0008556373411452961,2524.3709927124696,-0.0005317624973300574,3741.266956301366,-0.0004549237998512263,5213.820888609088,-0.00035895051817450203,6195.076098972001,-0.0002979474880243598,7016.222011085372,12424.83301966179,1103.422802939163,-8.488142227009117,4.337369581883576,0.002648773827290678,-0.00035749268113172047,6542.398935937463,-0.00017786201028659104,9102.285129309224,-0.00011294601465539174,18389.187901608286,-7.747921321632371e-05,22497.57472255086,-5.12014972054416e-05,41719.180324788875,-4.2989976652136305e-05,44134.61928331772,81572.24278211311,1557.580387452997,-2.0363227940922033,1.0362574293949545,,,,,,,,,,,,,,,,,,,,,,,,,,,,,,,,,,,,,,,,,,,,,,,,,,,,,,,,,,,,,,,,,,,,,,,,,,,,,,,,,,,,,,,,,,,,,,,,,,,,,,,,,,,,,,,,,,,,,,,,,,,,,,,,,,,,,,,,,,,,,,,,,,,,,,,,,,,,,,,,,,,,,,,,,,,,,,,,,,,,,,,,,,,,,,,,,,,,,,,,,,,,,,,,,,,,,,,,,,,,,,,,,,,,,
