LOT#,WAFER#,SITE#,DATE,TIME,PCM1,PCM2,PCM3,PCM4,PCM5,PCM6,PCM7,PCM8,PCM9,PCM10,PCM11,PCM12,PCM13,PCM14,PCM15,PCM16,PCM17,PCM18,PCM19,PCM20,PCM21,PCM22,PCM23,PCM24,PCM25,PCM26,PCM27,PCM28,PCM29,PCM30,PCM31,PCM32,PCM33,PCM34,PCM35,PCM36,PCM37,PCM38,PCM39,PCM40,PCM41,PCM42,PCM43,PCM44,PCM45,PCM46,PCM47,PCM48,PCM49,PCM50,,,,,,,,,,,,,,,,,,,,,,,,,,,,,,,,,,,,,,,,,,,,,,,,,,,,,,,,,,,,,,,,,,,,,,,,,,,,,,,,,,,,,,,,,,,,,,,,,,,,,,,,,,,,,,,,,,,,,,,,,,,,,,,,,,,,,,,,,,,,,,,,,,,,,,,,,,,,,,,,,,,,,,,,,,,,,,,,,,,,,,,,,,,,,,,,,,,,,,,,,,,,,,,,,,,,,,,,,,,,,,,,,,,,,
UU456,1,1,7/11/24,17:23:10,7.93E-03,63.075,4.46E-03,112.023,2.38E-03,210.077,1.63E-03,307.778,1.23E-03,405.42,9.95E-04,502.557,1074.644,14.443,-1.478,0.739,5.87E-06,-1.36E-03,1475.797,-9.50E-04,2104.552,-6.19E-04,3233.18,-4.60E-04,4351.203,-3.70E-04,5408.797,-3.09E-04,6466.235,12158.02,984.668,-8.909,4.454,2.41E-03,-3.79E-04,5276.794,-2.20E-04,9088.761,-1.20E-04,16604.81,-8.29E-05,24118.5,-6.32E-05,31634.41,-5.11E-05,39154.88,82757.95,1544.113,-2.052,1.026,,,,,,,,,,,,,,,,,,,,,,,,,,,,,,,,,,,,,,,,,,,,,,,,,,,,,,,,,,,,,,,,,,,,,,,,,,,,,,,,,,,,,,,,,,,,,,,,,,,,,,,,,,,,,,,,,,,,,,,,,,,,,,,,,,,,,,,,,,,,,,,,,,,,,,,,,,,,,,,,,,,,,,,,,,,,,,,,,,,,,,,,,,,,,,,,,,,,,,,,,,,,,,,,,,,,,,,,,,,,,,,,,,,,,
UU456,1,2,7/11/24,17:23:10,7.91E-03,63.216,4.45E-03,112.465,2.38E-03,210.508,1.62E-03,308.261,1.23E-03,405.92,9.93E-04,503.396,1075.868,14.628,-1.496,0.748,6.02E-06,-1.37E-03,1455.625,-9.63E-04,2077.985,-6.22E-04,3213.915,-4.65E-04,4303.843,-3.76E-04,5315.375,-3.11E-04,6423.123,12041.61,970.355,-8.864,4.432,2.37E-03,-3.84E-04,5208.469,-2.22E-04,9020.102,-1.21E-04,16521.69,-8.31E-05,24055.98,-6.33E-05,31588.34,-5.10E-05,39191.17,82971.97,1445.121,-1.916,0.958,,,,,,,,,,,,,,,,,,,,,,,,,,,,,,,,,,,,,,,,,,,,,,,,,,,,,,,,,,,,,,,,,,,,,,,,,,,,,,,,,,,,,,,,,,,,,,,,,,,,,,,,,,,,,,,,,,,,,,,,,,,,,,,,,,,,,,,,,,,,,,,,,,,,,,,,,,,,,,,,,,,,,,,,,,,,,,,,,,,,,,,,,,,,,,,,,,,,,,,,,,,,,,,,,,,,,,,,,,,,,,,,,,,,,
UU456,1,3,7/11/24,17:23:10,7.76E-03,64.452,4.41E-03,113.343,2.37E-03,211.188,1.62E-03,308.64,1.23E-03,406.527,9.92E-04,504.29,1075.013,15.608,-1.597,0.799,6.86E-06,-1.36E-03,1469.497,-9.65E-04,2073.461,-6.22E-04,3217.395,-4.65E-04,4300.483,-3.72E-04,5381.074,-3.11E-04,6427.396,12098.21,970.305,-8.822,4.411,2.35E-03,-3.82E-04,5241.571,-2.19E-04,9129.002,-1.19E-04,16791.06,-8.19E-05,24436.08,-6.24E-05,32061.3,-5.04E-05,39719.11,84205.66,1454.122,-1.9,0.95,,,,,,,,,,,,,,,,,,,,,,,,,,,,,,,,,,,,,,,,,,,,,,,,,,,,,,,,,,,,,,,,,,,,,,,,,,,,,,,,,,,,,,,,,,,,,,,,,,,,,,,,,,,,,,,,,,,,,,,,,,,,,,,,,,,,,,,,,,,,,,,,,,,,,,,,,,,,,,,,,,,,,,,,,,,,,,,,,,,,,,,,,,,,,,,,,,,,,,,,,,,,,,,,,,,,,,,,,,,,,,,,,,,,,
UU456,1,4,7/11/24,17:23:10,8.10E-03,61.75,4.55E-03,109.998,2.42E-03,206.44,1.65E-03,302.345,1.26E-03,398.41,1.01E-03,494.218,1057.099,13.935,-1.45,0.725,5.56E-06,-1.40E-03,1433.568,-9.80E-04,2041.008,-6.29E-04,3179.478,-4.71E-04,4246.068,-3.77E-04,5306.194,-3.15E-04,6355.784,11987.19,945.176,-8.673,4.337,2.25E-03,-3.87E-04,5171.808,-2.24E-04,8947.465,-1.23E-04,16324.93,-8.43E-05,23723.78,-6.42E-05,31160.9,-5.18E-05,38636.14,81685.09,1477.209,-1.989,0.995,,,,,,,,,,,,,,,,,,,,,,,,,,,,,,,,,,,,,,,,,,,,,,,,,,,,,,,,,,,,,,,,,,,,,,,,,,,,,,,,,,,,,,,,,,,,,,,,,,,,,,,,,,,,,,,,,,,,,,,,,,,,,,,,,,,,,,,,,,,,,,,,,,,,,,,,,,,,,,,,,,,,,,,,,,,,,,,,,,,,,,,,,,,,,,,,,,,,,,,,,,,,,,,,,,,,,,,,,,,,,,,,,,,,,
UU456,1,5,7/11/24,17:23:10,7.99E-03,62.599,4.50E-03,111.201,2.40E-03,208.797,1.63E-03,306.181,1.24E-03,403.359,9.99E-04,500.324,1070.347,14.041,-1.443,0.721,5.57E-06,-1.39E-03,1437.329,-9.72E-04,2058.147,-6.27E-04,3189.03,-4.70E-04,4252.903,-4.06E-04,4931.83,-3.14E-04,6375.559,11610.91,980.662,-9.291,4.645,2.51E-03,-3.88E-04,5149.781,-2.24E-04,8922.079,-1.23E-04,16296.86,-8.42E-05,23752.74,-6.40E-05,31261.53,-5.16E-05,38793.3,82145.73,1404.243,-1.88,0.94,,,,,,,,,,,,,,,,,,,,,,,,,,,,,,,,,,,,,,,,,,,,,,,,,,,,,,,,,,,,,,,,,,,,,,,,,,,,,,,,,,,,,,,,,,,,,,,,,,,,,,,,,,,,,,,,,,,,,,,,,,,,,,,,,,,,,,,,,,,,,,,,,,,,,,,,,,,,,,,,,,,,,,,,,,,,,,,,,,,,,,,,,,,,,,,,,,,,,,,,,,,,,,,,,,,,,,,,,,,,,,,,,,,,,
UU456,2,1,7/11/24,17:41:36,7.79E-03,64.169,4.40E-03,113.555,2.35E-03,212.409,1.61E-03,310.704,1.22E-03,409.008,9.86E-04,507.161,1082.864,15.192,-1.543,0.772,6.45E-06,-1.32E-03,1519.157,-9.33E-04,2143.175,-6.06E-04,3302.963,-4.52E-04,4424.25,-3.63E-04,5506.775,-3.04E-04,6576.936,12334.93,1015.369,-9.055,4.527,2.53E-03,-3.76E-04,5325.679,-2.16E-04,9248.812,-1.18E-04,16895.74,-8.15E-05,24543.16,-6.22E-05,32136.62,-5.03E-05,39782.71,84118.19,1567.086,-2.049,1.025,,,,,,,,,,,,,,,,,,,,,,,,,,,,,,,,,,,,,,,,,,,,,,,,,,,,,,,,,,,,,,,,,,,,,,,,,,,,,,,,,,,,,,,,,,,,,,,,,,,,,,,,,,,,,,,,,,,,,,,,,,,,,,,,,,,,,,,,,,,,,,,,,,,,,,,,,,,,,,,,,,,,,,,,,,,,,,,,,,,,,,,,,,,,,,,,,,,,,,,,,,,,,,,,,,,,,,,,,,,,,,,,,,,,,
UU456,2,2,7/11/24,17:41:36,7.88E-03,63.46,4.43E-03,112.904,2.36E-03,211.687,1.61E-03,310.262,1.22E-03,408.908,9.85E-04,507.399,1085.162,14.255,-1.445,0.722,5.66E-06,-1.37E-03,1458.864,-9.53E-04,2098.999,-6.15E-04,3249.871,-4.59E-04,4354.045,-3.68E-04,5429.471,-3.07E-04,6518.353,12296,963.902,-8.623,4.312,2.29E-03,-3.75E-04,5337.917,-2.19E-04,9146.495,-1.20E-04,16666.39,-8.26E-05,24209.03,-6.30E-05,31756.47,-5.08E-05,39350.25,83067.49,1569.477,-2.078,1.039,,,,,,,,,,,,,,,,,,,,,,,,,,,,,,,,,,,,,,,,,,,,,,,,,,,,,,,,,,,,,,,,,,,,,,,,,,,,,,,,,,,,,,,,,,,,,,,,,,,,,,,,,,,,,,,,,,,,,,,,,,,,,,,,,,,,,,,,,,,,,,,,,,,,,,,,,,,,,,,,,,,,,,,,,,,,,,,,,,,,,,,,,,,,,,,,,,,,,,,,,,,,,,,,,,,,,,,,,,,,,,,,,,,,,
UU456,2,3,7/11/24,17:41:36,7.65E-03,65.372,4.36E-03,114.626,2.35E-03,213.065,1.61E-03,311.397,1.22E-03,409.816,9.84E-04,508.069,1082.171,16.245,-1.651,0.826,7.38E-06,-1.37E-03,1458.587,-9.56E-04,2092.011,-6.18E-04,3237.11,-4.60E-04,4344.596,-3.68E-04,5430.901,-3.08E-04,6490.325,12259.42,963.15,-8.642,4.321,2.29E-03,-3.82E-04,5231.494,-2.18E-04,9155.958,-1.19E-04,16833.18,-8.16E-05,24517.8,-6.21E-05,32186.84,-5.01E-05,39897.3,84636.91,1426.906,-1.855,0.927,,,,,,,,,,,,,,,,,,,,,,,,,,,,,,,,,,,,,,,,,,,,,,,,,,,,,,,,,,,,,,,,,,,,,,,,,,,,,,,,,,,,,,,,,,,,,,,,,,,,,,,,,,,,,,,,,,,,,,,,,,,,,,,,,,,,,,,,,,,,,,,,,,,,,,,,,,,,,,,,,,,,,,,,,,,,,,,,,,,,,,,,,,,,,,,,,,,,,,,,,,,,,,,,,,,,,,,,,,,,,,,,,,,,,
UU456,2,4,7/11/24,17:41:36,7.98E-03,62.633,4.49E-03,111.335,2.40E-03,208.15,1.64E-03,304.964,1.25E-03,401.713,1.00E-03,498.003,1064.306,14.515,-1.5,0.75,5.99E-06,-1.37E-03,1462.48,-9.53E-04,2099.506,-6.19E-04,3232.25,-4.64E-04,4313.264,-3.70E-04,5399.757,-3.11E-04,6433.723,12106.73,980.25,-8.906,4.453,2.40E-03,-3.83E-04,5218.785,-2.22E-04,9028.856,-1.22E-04,16441.55,-8.37E-05,23886.33,-6.38E-05,31326.9,-5.14E-05,38878.96,82115.5,1512.206,-2.026,1.013,,,,,,,,,,,,,,,,,,,,,,,,,,,,,,,,,,,,,,,,,,,,,,,,,,,,,,,,,,,,,,,,,,,,,,,,,,,,,,,,,,,,,,,,,,,,,,,,,,,,,,,,,,,,,,,,,,,,,,,,,,,,,,,,,,,,,,,,,,,,,,,,,,,,,,,,,,,,,,,,,,,,,,,,,,,,,,,,,,,,,,,,,,,,,,,,,,,,,,,,,,,,,,,,,,,,,,,,,,,,,,,,,,,,,
UU456,2,5,7/11/24,17:41:36,7.80E-03,64.074,4.43E-03,112.992,2.37E-03,211.406,1.62E-03,309.565,1.23E-03,407.322,9.90E-04,505.284,1078.723,15.104,-1.54,0.77,6.40E-06,-1.38E-03,1451.758,-9.62E-04,2078.214,-6.25E-04,3202.393,-4.65E-04,4301.02,-3.71E-04,5385.189,-3.10E-04,6450.843,12171.18,953.185,-8.615,4.307,2.26E-03,-3.84E-04,5205.378,-2.22E-04,9024.782,-1.21E-04,16558.76,-8.28E-05,24145.03,-6.28E-05,31833.4,-5.07E-05,39478.25,83735.41,1375.809,-1.807,0.904,,,,,,,,,,,,,,,,,,,,,,,,,,,,,,,,,,,,,,,,,,,,,,,,,,,,,,,,,,,,,,,,,,,,,,,,,,,,,,,,,,,,,,,,,,,,,,,,,,,,,,,,,,,,,,,,,,,,,,,,,,,,,,,,,,,,,,,,,,,,,,,,,,,,,,,,,,,,,,,,,,,,,,,,,,,,,,,,,,,,,,,,,,,,,,,,,,,,,,,,,,,,,,,,,,,,,,,,,,,,,,,,,,,,,
UU456,3,1,7/11/24,18:00:00,7.97E-03,62.768,4.51E-03,110.827,2.41E-03,207.203,1.65E-03,303.142,1.25E-03,398.963,1.01E-03,494.736,1056.005,14.939,-1.556,0.778,6.39E-06,-1.37E-03,1463.915,-9.63E-04,2076.339,-6.27E-04,3188.282,-4.66E-04,4289.967,-3.75E-04,5329.312,-3.14E-04,6372.917,11964.18,977.019,-8.983,4.491,2.41E-03,-3.78E-04,5296.736,-2.17E-04,9210.944,-1.18E-04,16914.46,-8.13E-05,24596.43,-6.20E-05,32282.28,-5.01E-05,39956.61,84666.52,1492.441,-1.939,0.97,,,,,,,,,,,,,,,,,,,,,,,,,,,,,,,,,,,,,,,,,,,,,,,,,,,,,,,,,,,,,,,,,,,,,,,,,,,,,,,,,,,,,,,,,,,,,,,,,,,,,,,,,,,,,,,,,,,,,,,,,,,,,,,,,,,,,,,,,,,,,,,,,,,,,,,,,,,,,,,,,,,,,,,,,,,,,,,,,,,,,,,,,,,,,,,,,,,,,,,,,,,,,,,,,,,,,,,,,,,,,,,,,,,,,
UU456,3,2,7/11/24,18:00:00,8.03E-03,62.278,4.51E-03,110.818,2.41E-03,207.633,1.65E-03,303.748,1.25E-03,399.971,1.01E-03,495.948,1059.907,14.482,-1.503,0.751,5.99E-06,-1.40E-03,1431.516,-9.76E-04,2049.649,-6.28E-04,3182.737,-4.70E-04,4256.75,-3.76E-04,5318.88,-3.14E-04,6370.948,12021.75,945.126,-8.648,4.324,2.25E-03,-3.79E-04,5271.912,-2.19E-04,9134.84,-1.19E-04,16791.91,-8.19E-05,24426.62,-6.23E-05,32089.18,-5.03E-05,39780.49,84285.97,1454.726,-1.899,0.949,,,,,,,,,,,,,,,,,,,,,,,,,,,,,,,,,,,,,,,,,,,,,,,,,,,,,,,,,,,,,,,,,,,,,,,,,,,,,,,,,,,,,,,,,,,,,,,,,,,,,,,,,,,,,,,,,,,,,,,,,,,,,,,,,,,,,,,,,,,,,,,,,,,,,,,,,,,,,,,,,,,,,,,,,,,,,,,,,,,,,,,,,,,,,,,,,,,,,,,,,,,,,,,,,,,,,,,,,,,,,,,,,,,,,
UU456,3,3,7/11/24,18:00:00,7.82E-03,63.907,4.47E-03,111.81,2.41E-03,207.935,1.65E-03,304.035,1.25E-03,400.058,1.01E-03,496.248,1056.889,15.79,-1.643,0.822,7.14E-06,-1.40E-03,1424.867,-9.82E-04,2036.857,-6.31E-04,3170.461,-4.70E-04,4259.443,-3.77E-04,5306.968,-3.15E-04,6358.532,12018.49,936.997,-8.576,4.288,2.21E-03,-3.81E-04,5244.113,-2.17E-04,9211.666,-1.18E-04,16993.65,-8.08E-05,24761.88,-6.14E-05,32560.83,-4.96E-05,40330.55,85700.38,1390.509,-1.785,0.892,,,,,,,,,,,,,,,,,,,,,,,,,,,,,,,,,,,,,,,,,,,,,,,,,,,,,,,,,,,,,,,,,,,,,,,,,,,,,,,,,,,,,,,,,,,,,,,,,,,,,,,,,,,,,,,,,,,,,,,,,,,,,,,,,,,,,,,,,,,,,,,,,,,,,,,,,,,,,,,,,,,,,,,,,,,,,,,,,,,,,,,,,,,,,,,,,,,,,,,,,,,,,,,,,,,,,,,,,,,,,,,,,,,,,
UU456,3,4,7/11/24,18:00:00,8.22E-03,60.852,4.63E-03,108.035,2.47E-03,202.582,1.68E-03,297.485,1.27E-03,392.388,1.03E-03,486.902,1041.904,13.351,-1.41,0.705,5.18E-06,-1.44E-03,1384.706,-1.00E-03,1991.318,-6.46E-04,3094.677,-4.80E-04,4171.438,-3.83E-04,5222.014,-3.20E-04,6241.574,11845.12,902.48,-8.381,4.19,2.08E-03,-3.99E-04,5013.361,-2.27E-04,8793.953,-1.23E-04,16236.01,-8.43E-05,23733.91,-6.40E-05,31251.03,-5.15E-05,38815.66,82546.45,1254.741,-1.672,0.836,,,,,,,,,,,,,,,,,,,,,,,,,,,,,,,,,,,,,,,,,,,,,,,,,,,,,,,,,,,,,,,,,,,,,,,,,,,,,,,,,,,,,,,,,,,,,,,,,,,,,,,,,,,,,,,,,,,,,,,,,,,,,,,,,,,,,,,,,,,,,,,,,,,,,,,,,,,,,,,,,,,,,,,,,,,,,,,,,,,,,,,,,,,,,,,,,,,,,,,,,,,,,,,,,,,,,,,,,,,,,,,,,,,,,
UU456,3,5,7/11/24,18:00:00,8.04E-03,62.18,4.55E-03,109.883,2.43E-03,206.038,1.66E-03,302.04,1.26E-03,397.766,1.01E-03,493.705,1055.103,14.146,-1.475,0.737,5.74E-06,-1.42E-03,1410.387,-9.90E-04,2020.941,-6.36E-04,3142.944,-4.75E-04,4214.892,-3.81E-04,5256.297,-3.17E-04,6308.571,11917.48,926.869,-8.555,4.278,2.18E-03,-3.89E-04,5137.558,-2.24E-04,8945.864,-1.22E-04,16425.22,-8.35E-05,23962.11,-6.34E-05,31527.19,-5.11E-05,39110.09,82971.89,1365.514,-1.81,0.905,,,,,,,,,,,,,,,,,,,,,,,,,,,,,,,,,,,,,,,,,,,,,,,,,,,,,,,,,,,,,,,,,,,,,,,,,,,,,,,,,,,,,,,,,,,,,,,,,,,,,,,,,,,,,,,,,,,,,,,,,,,,,,,,,,,,,,,,,,,,,,,,,,,,,,,,,,,,,,,,,,,,,,,,,,,,,,,,,,,,,,,,,,,,,,,,,,,,,,,,,,,,,,,,,,,,,,,,,,,,,,,,,,,,,
UU456,4,1,7/11/24,18:18:26,7.70E-03,64.964,4.39E-03,113.919,2.35E-03,212.598,1.61E-03,310.795,1.22E-03,408.934,9.87E-04,506.854,1080.584,15.904,-1.619,0.809,7.08E-06,-1.34E-03,1497.028,-9.43E-04,2120.418,-6.08E-04,3287.646,-4.57E-04,4376.952,-3.65E-04,5473.828,-3.05E-04,6555.314,12314.97,993.046,-8.87,4.435,2.42E-03,-3.73E-04,5357.521,-2.15E-04,9290.399,-1.18E-04,16996.54,-8.10E-05,24702.61,-6.17E-05,32405.67,-4.99E-05,40101.54,84861.07,1546.21,-2.004,1.002,,,,,,,,,,,,,,,,,,,,,,,,,,,,,,,,,,,,,,,,,,,,,,,,,,,,,,,,,,,,,,,,,,,,,,,,,,,,,,,,,,,,,,,,,,,,,,,,,,,,,,,,,,,,,,,,,,,,,,,,,,,,,,,,,,,,,,,,,,,,,,,,,,,,,,,,,,,,,,,,,,,,,,,,,,,,,,,,,,,,,,,,,,,,,,,,,,,,,,,,,,,,,,,,,,,,,,,,,,,,,,,,,,,,,
UU456,4,2,7/11/24,18:18:26,7.73E-03,64.679,4.39E-03,113.808,2.35E-03,212.597,1.61E-03,311.139,1.22E-03,409.423,9.86E-04,507.354,1082.62,15.581,-1.583,0.792,6.78E-06,-1.38E-03,1453.087,-9.63E-04,2076.352,-6.19E-04,3232.678,-4.62E-04,4333.216,-3.68E-04,5429.928,-3.08E-04,6489.966,12282.47,951.353,-8.52,4.26,2.23E-03,-3.75E-04,5329.737,-2.18E-04,9169.77,-1.19E-04,16748.04,-8.22E-05,24336.85,-6.26E-05,31937.71,-5.05E-05,39610.55,83697.93,1532.436,-2.014,1.007,,,,,,,,,,,,,,,,,,,,,,,,,,,,,,,,,,,,,,,,,,,,,,,,,,,,,,,,,,,,,,,,,,,,,,,,,,,,,,,,,,,,,,,,,,,,,,,,,,,,,,,,,,,,,,,,,,,,,,,,,,,,,,,,,,,,,,,,,,,,,,,,,,,,,,,,,,,,,,,,,,,,,,,,,,,,,,,,,,,,,,,,,,,,,,,,,,,,,,,,,,,,,,,,,,,,,,,,,,,,,,,,,,,,,
UU456,4,3,7/11/24,18:18:26,7.61E-03,65.735,4.35E-03,114.92,2.34E-03,213.27,1.61E-03,311.189,1.22E-03,409.477,9.85E-04,507.615,1079.997,16.732,-1.704,0.852,7.84E-06,-1.38E-03,1453.51,-9.60E-04,2082.782,-6.18E-04,3234.388,-4.62E-04,4332.699,-3.69E-04,5426.393,-3.09E-04,6474.042,12242.13,958.924,-8.616,4.308,2.27E-03,-3.77E-04,5300.864,-2.16E-04,9248.256,-1.18E-04,16993.22,-8.09E-05,24709.94,-6.16E-05,32451.89,-4.98E-05,40204.07,85224.98,1469.746,-1.897,0.949,,,,,,,,,,,,,,,,,,,,,,,,,,,,,,,,,,,,,,,,,,,,,,,,,,,,,,,,,,,,,,,,,,,,,,,,,,,,,,,,,,,,,,,,,,,,,,,,,,,,,,,,,,,,,,,,,,,,,,,,,,,,,,,,,,,,,,,,,,,,,,,,,,,,,,,,,,,,,,,,,,,,,,,,,,,,,,,,,,,,,,,,,,,,,,,,,,,,,,,,,,,,,,,,,,,,,,,,,,,,,,,,,,,,,
UU456,4,4,7/11/24,18:18:26,8.04E-03,62.219,4.50E-03,111.01,2.41E-03,207.717,1.64E-03,304.336,1.25E-03,401.458,1.00E-03,498.301,1065.555,13.929,-1.438,0.719,5.51E-06,-1.39E-03,1434.257,-9.72E-04,2057.888,-6.24E-04,3203.624,-4.66E-04,4291.809,-3.73E-04,5365.44,-3.12E-04,6418.423,12140.62,944.033,-8.553,4.277,2.22E-03,-3.89E-04,5136.45,-2.25E-04,8897.47,-1.23E-04,16302.04,-8.42E-05,23746.4,-6.41E-05,31202.17,-5.16E-05,38732.22,82022.39,1406.619,-1.886,0.943,,,,,,,,,,,,,,,,,,,,,,,,,,,,,,,,,,,,,,,,,,,,,,,,,,,,,,,,,,,,,,,,,,,,,,,,,,,,,,,,,,,,,,,,,,,,,,,,,,,,,,,,,,,,,,,,,,,,,,,,,,,,,,,,,,,,,,,,,,,,,,,,,,,,,,,,,,,,,,,,,,,,,,,,,,,,,,,,,,,,,,,,,,,,,,,,,,,,,,,,,,,,,,,,,,,,,,,,,,,,,,,,,,,,,
UU456,4,5,7/11/24,18:18:26,7.74E-03,64.576,4.41E-03,113.312,2.36E-03,211.705,1.61E-03,309.724,1.23E-03,407.634,9.90E-04,505.073,1077.473,15.628,-1.595,0.798,6.86E-06,-1.38E-03,1448.478,-9.73E-04,2055.116,-6.22E-04,3213.641,-4.65E-04,4302.139,-3.72E-04,5380.987,-3.11E-04,6440.871,12176.43,947.258,-8.557,4.279,2.23E-03,-3.87E-04,5169.441,-2.22E-04,8994.222,-1.21E-04,16510.1,-8.32E-05,24048.17,-6.31E-05,31711.45,-5.09E-05,39318.22,83411.19,1369.619,-1.806,0.903,,,,,,,,,,,,,,,,,,,,,,,,,,,,,,,,,,,,,,,,,,,,,,,,,,,,,,,,,,,,,,,,,,,,,,,,,,,,,,,,,,,,,,,,,,,,,,,,,,,,,,,,,,,,,,,,,,,,,,,,,,,,,,,,,,,,,,,,,,,,,,,,,,,,,,,,,,,,,,,,,,,,,,,,,,,,,,,,,,,,,,,,,,,,,,,,,,,,,,,,,,,,,,,,,,,,,,,,,,,,,,,,,,,,,
UU456,5,1,7/11/24,18:36:50,7.78E-03,64.259,4.41E-03,113.469,2.36E-03,212.077,1.61E-03,310.349,1.23E-03,408.3,9.87E-04,506.579,1081.118,15.273,-1.554,0.777,6.53E-06,-1.35E-03,1484.682,-9.47E-04,2112.753,-6.10E-04,3278.522,-4.58E-04,4363.278,-3.67E-04,5449.279,-3.08E-04,6490.936,12204.43,997.051,-8.987,4.493,2.46E-03,-3.78E-04,5286.53,-2.18E-04,9189.994,-1.19E-04,16823.97,-8.18E-05,24442.41,-6.24E-05,32065.72,-5.04E-05,39712.72,84049.41,1514.677,-1.982,0.991,,,,,,,,,,,,,,,,,,,,,,,,,,,,,,,,,,,,,,,,,,,,,,,,,,,,,,,,,,,,,,,,,,,,,,,,,,,,,,,,,,,,,,,,,,,,,,,,,,,,,,,,,,,,,,,,,,,,,,,,,,,,,,,,,,,,,,,,,,,,,,,,,,,,,,,,,,,,,,,,,,,,,,,,,,,,,,,,,,,,,,,,,,,,,,,,,,,,,,,,,,,,,,,,,,,,,,,,,,,,,,,,,,,,,
UU456,5,2,7/11/24,18:36:50,8.01E-03,62.428,4.46E-03,112.165,2.37E-03,210.699,1.62E-03,309.173,1.23E-03,407.342,9.89E-04,505.561,1082.836,13.592,-1.381,0.69,5.16E-06,-1.37E-03,1456.282,-9.62E-04,2079.415,-6.18E-04,3237.613,-4.62E-04,4333.694,-3.69E-04,5419.32,-3.08E-04,6490.641,12262.52,956.324,-8.579,4.289,2.26E-03,-3.85E-04,5193.942,-2.23E-04,8985.978,-1.22E-04,16387.67,-8.38E-05,23863.22,-6.38E-05,31329.3,-5.15E-05,38859.78,82186.71,1468.562,-1.966,0.983,,,,,,,,,,,,,,,,,,,,,,,,,,,,,,,,,,,,,,,,,,,,,,,,,,,,,,,,,,,,,,,,,,,,,,,,,,,,,,,,,,,,,,,,,,,,,,,,,,,,,,,,,,,,,,,,,,,,,,,,,,,,,,,,,,,,,,,,,,,,,,,,,,,,,,,,,,,,,,,,,,,,,,,,,,,,,,,,,,,,,,,,,,,,,,,,,,,,,,,,,,,,,,,,,,,,,,,,,,,,,,,,,,,,,
UU456,5,3,7/11/24,18:36:50,7.70E-03,64.947,4.39E-03,114.014,2.35E-03,212.707,1.61E-03,310.99,1.22E-03,409.313,9.86E-04,507.328,1081.731,15.84,-1.611,0.805,7.02E-06,-1.37E-03,1460.718,-9.55E-04,2095.077,-6.18E-04,3238.405,-4.60E-04,4343.596,-3.69E-04,5425.495,-3.08E-04,6489.271,12244.47,966.499,-8.683,4.341,2.31E-03,-3.82E-04,5241.571,-2.18E-04,9186.49,-1.18E-04,16942.98,-8.11E-05,24647.48,-6.18E-05,32376.5,-4.99E-05,40110.14,85145.87,1421.149,-1.836,0.918,,,,,,,,,,,,,,,,,,,,,,,,,,,,,,,,,,,,,,,,,,,,,,,,,,,,,,,,,,,,,,,,,,,,,,,,,,,,,,,,,,,,,,,,,,,,,,,,,,,,,,,,,,,,,,,,,,,,,,,,,,,,,,,,,,,,,,,,,,,,,,,,,,,,,,,,,,,,,,,,,,,,,,,,,,,,,,,,,,,,,,,,,,,,,,,,,,,,,,,,,,,,,,,,,,,,,,,,,,,,,,,,,,,,,
UU456,5,4,7/11/24,18:36:50,8.08E-03,61.904,4.53E-03,110.498,2.41E-03,207.276,1.64E-03,304.077,1.25E-03,400.975,1.00E-03,497.83,1065.403,13.552,-1.399,0.7,5.21E-06,-1.40E-03,1431.916,-9.78E-04,2045.389,-6.30E-04,3173.979,-4.67E-04,4287.273,-3.77E-04,5306.954,-3.12E-04,6415.706,12104.93,934.045,-8.488,4.244,2.18E-03,-3.94E-04,5073.94,-2.27E-04,8814.533,-1.24E-04,16184.77,-8.48E-05,23575.9,-6.45E-05,30997.9,-5.20E-05,38479.74,81558.94,1367.135,-1.844,0.922,,,,,,,,,,,,,,,,,,,,,,,,,,,,,,,,,,,,,,,,,,,,,,,,,,,,,,,,,,,,,,,,,,,,,,,,,,,,,,,,,,,,,,,,,,,,,,,,,,,,,,,,,,,,,,,,,,,,,,,,,,,,,,,,,,,,,,,,,,,,,,,,,,,,,,,,,,,,,,,,,,,,,,,,,,,,,,,,,,,,,,,,,,,,,,,,,,,,,,,,,,,,,,,,,,,,,,,,,,,,,,,,,,,,,
UU456,5,5,7/11/24,18:36:50,7.88E-03,63.426,4.46E-03,112.073,2.38E-03,210.341,1.62E-03,308.474,1.23E-03,406.016,9.93E-04,503.539,1076.484,14.501,-1.482,0.741,5.91E-06,-1.40E-03,1431.619,-9.75E-04,2052.084,-6.27E-04,3189.66,-4.67E-04,4281.775,-3.73E-04,5362.707,-3.12E-04,6413.401,12142.55,936.882,-8.487,4.244,2.19E-03,-3.92E-04,5099.27,-2.25E-04,8884.861,-1.23E-04,16283.73,-8.43E-05,23729.18,-6.40E-05,31260.99,-5.16E-05,38779.68,82238.67,1359.328,-1.818,0.909,,,,,,,,,,,,,,,,,,,,,,,,,,,,,,,,,,,,,,,,,,,,,,,,,,,,,,,,,,,,,,,,,,,,,,,,,,,,,,,,,,,,,,,,,,,,,,,,,,,,,,,,,,,,,,,,,,,,,,,,,,,,,,,,,,,,,,,,,,,,,,,,,,,,,,,,,,,,,,,,,,,,,,,,,,,,,,,,,,,,,,,,,,,,,,,,,,,,,,,,,,,,,,,,,,,,,,,,,,,,,,,,,,,,,
UU456,6,1,7/11/24,18:55:14,7.76E-03,64.397,4.40E-03,113.722,2.35E-03,212.901,1.61E-03,311.482,1.22E-03,410.055,9.83E-04,508.53,1085.821,15.178,-1.538,0.769,6.42E-06,-1.36E-03,1470.156,-9.48E-04,2110.054,-6.16E-04,3245.22,-4.61E-04,4343.351,-3.69E-04,5415.08,-3.09E-04,6480.461,12184.08,982.641,-8.871,4.436,2.40E-03,-3.74E-04,5348.28,-2.15E-04,9310.641,-1.17E-04,17035.2,-8.08E-05,24747.15,-6.16E-05,32468.06,-4.97E-05,40205.69,85094.97,1534.745,-1.984,0.992,,,,,,,,,,,,,,,,,,,,,,,,,,,,,,,,,,,,,,,,,,,,,,,,,,,,,,,,,,,,,,,,,,,,,,,,,,,,,,,,,,,,,,,,,,,,,,,,,,,,,,,,,,,,,,,,,,,,,,,,,,,,,,,,,,,,,,,,,,,,,,,,,,,,,,,,,,,,,,,,,,,,,,,,,,,,,,,,,,,,,,,,,,,,,,,,,,,,,,,,,,,,,,,,,,,,,,,,,,,,,,,,,,,,,
UU456,6,2,7/11/24,18:55:14,7.86E-03,63.638,4.42E-03,113.132,2.36E-03,212.149,1.61E-03,310.632,1.22E-03,409.273,9.85E-04,507.808,1085.638,14.478,-1.467,0.733,5.84E-06,-1.39E-03,1439.636,-9.68E-04,2065.186,-6.22E-04,3218.233,-4.64E-04,4306.224,-3.72E-04,5383.044,-3.11E-04,6431.427,12163.11,950.804,-8.599,4.299,2.25E-03,-3.74E-04,5353.534,-2.17E-04,9227.178,-1.19E-04,16814.92,-8.19E-05,24431.39,-6.23E-05,32082.9,-5.03E-05,39742,83975.23,1553.864,-2.035,1.018,,,,,,,,,,,,,,,,,,,,,,,,,,,,,,,,,,,,,,,,,,,,,,,,,,,,,,,,,,,,,,,,,,,,,,,,,,,,,,,,,,,,,,,,,,,,,,,,,,,,,,,,,,,,,,,,,,,,,,,,,,,,,,,,,,,,,,,,,,,,,,,,,,,,,,,,,,,,,,,,,,,,,,,,,,,,,,,,,,,,,,,,,,,,,,,,,,,,,,,,,,,,,,,,,,,,,,,,,,,,,,,,,,,,,
UU456,6,3,7/11/24,18:55:14,7.68E-03,65.083,4.36E-03,114.57,2.35E-03,213.002,1.60E-03,311.822,1.22E-03,410.759,9.82E-04,509.136,1085.657,15.764,-1.597,0.799,6.92E-06,-1.39E-03,1438.425,-9.69E-04,2063.343,-6.26E-04,3196.665,-4.66E-04,4289.36,-3.73E-04,5359.688,-3.11E-04,6435.441,12154.17,942.766,-8.532,4.266,2.21E-03,-3.81E-04,5253.425,-2.17E-04,9222.157,-1.18E-04,17002.32,-8.08E-05,24744.15,-6.16E-05,32493.06,-4.97E-05,40247.68,85451.23,1425.706,-1.835,0.918,,,,,,,,,,,,,,,,,,,,,,,,,,,,,,,,,,,,,,,,,,,,,,,,,,,,,,,,,,,,,,,,,,,,,,,,,,,,,,,,,,,,,,,,,,,,,,,,,,,,,,,,,,,,,,,,,,,,,,,,,,,,,,,,,,,,,,,,,,,,,,,,,,,,,,,,,,,,,,,,,,,,,,,,,,,,,,,,,,,,,,,,,,,,,,,,,,,,,,,,,,,,,,,,,,,,,,,,,,,,,,,,,,,,,
UU456,6,4,7/11/24,18:55:14,8.14E-03,61.449,4.53E-03,110.371,2.41E-03,207.409,1.64E-03,305.018,1.24E-03,402.33,1.00E-03,499.625,1070.99,12.847,-1.319,0.66,4.66E-06,-1.40E-03,1425.385,-9.80E-04,2041.241,-6.30E-04,3176.247,-4.69E-04,4261.149,-4.07E-04,4910.687,-3.14E-04,6367.358,11620.17,968.033,-9.164,4.582,2.44E-03,-3.86E-04,5182.878,-2.22E-04,8994.909,-1.22E-04,16417.4,-8.39E-05,23848.93,-6.39E-05,31320.62,-5.15E-05,38815.28,82089.61,1484.71,-1.99,0.995,,,,,,,,,,,,,,,,,,,,,,,,,,,,,,,,,,,,,,,,,,,,,,,,,,,,,,,,,,,,,,,,,,,,,,,,,,,,,,,,,,,,,,,,,,,,,,,,,,,,,,,,,,,,,,,,,,,,,,,,,,,,,,,,,,,,,,,,,,,,,,,,,,,,,,,,,,,,,,,,,,,,,,,,,,,,,,,,,,,,,,,,,,,,,,,,,,,,,,,,,,,,,,,,,,,,,,,,,,,,,,,,,,,,,
UU456,6,5,7/11/24,18:55:14,7.87E-03,63.573,4.44E-03,112.519,2.37E-03,211.383,1.62E-03,309.559,1.23E-03,407.677,9.89E-04,505.541,1080.841,14.541,-1.48,0.74,5.92E-06,-1.39E-03,1436.462,-9.75E-04,2051.459,-6.29E-04,3181.471,-4.68E-04,4274.545,-3.74E-04,5342.751,-3.13E-04,6390.144,12076.13,943.41,-8.593,4.297,2.23E-03,-3.90E-04,5134.551,-2.22E-04,8998.105,-1.21E-04,16557.11,-8.27E-05,24180.73,-6.28E-05,31834.11,-5.07E-05,39475.53,83879.98,1330.923,-1.745,0.873,,,,,,,,,,,,,,,,,,,,,,,,,,,,,,,,,,,,,,,,,,,,,,,,,,,,,,,,,,,,,,,,,,,,,,,,,,,,,,,,,,,,,,,,,,,,,,,,,,,,,,,,,,,,,,,,,,,,,,,,,,,,,,,,,,,,,,,,,,,,,,,,,,,,,,,,,,,,,,,,,,,,,,,,,,,,,,,,,,,,,,,,,,,,,,,,,,,,,,,,,,,,,,,,,,,,,,,,,,,,,,,,,,,,,
UU456,7,1,7/11/24,19:28:14,7.46E-03,67.06,4.28E-03,116.876,2.31E-03,216.196,1.59E-03,315.328,1.21E-03,413.935,9.76E-04,512.219,1088.389,17.996,-1.819,0.909,9.00E-06,-1.34E-03,1498.52,-9.44E-04,2117.675,-6.15E-04,3252.572,-4.60E-04,4352.785,-3.68E-04,5437.634,-3.08E-04,6485.841,12164.87,1000.6,-9.048,4.524,2.49E-03,-3.82E-04,5237.426,-2.19E-04,9121.009,-1.20E-04,16694.21,-8.24E-05,24267.02,-6.28E-05,31860.68,-5.07E-05,39437.39,83513.03,1490.047,-1.963,0.981,,,,,,,,,,,,,,,,,,,,,,,,,,,,,,,,,,,,,,,,,,,,,,,,,,,,,,,,,,,,,,,,,,,,,,,,,,,,,,,,,,,,,,,,,,,,,,,,,,,,,,,,,,,,,,,,,,,,,,,,,,,,,,,,,,,,,,,,,,,,,,,,,,,,,,,,,,,,,,,,,,,,,,,,,,,,,,,,,,,,,,,,,,,,,,,,,,,,,,,,,,,,,,,,,,,,,,,,,,,,,,,,,,,,,
UU456,7,2,7/11/24,19:28:14,7.51E-03,66.541,4.32E-03,115.888,2.33E-03,214.361,1.60E-03,313.028,1.22E-03,411.272,9.81E-04,509.797,1083.422,17.375,-1.764,0.882,8.43E-06,-1.41E-03,1422.384,-9.82E-04,2036.757,-6.33E-04,3158.001,-4.70E-04,4256.17,-3.76E-04,5326.289,-3.13E-04,6387.858,12097.7,923.451,-8.397,4.198,2.13E-03,-3.88E-04,5157.377,-2.23E-04,8952.552,-1.22E-04,16453.73,-8.35E-05,23951.69,-6.36E-05,31449.01,-5.13E-05,38985.98,82622.16,1421.367,-1.892,0.946,,,,,,,,,,,,,,,,,,,,,,,,,,,,,,,,,,,,,,,,,,,,,,,,,,,,,,,,,,,,,,,,,,,,,,,,,,,,,,,,,,,,,,,,,,,,,,,,,,,,,,,,,,,,,,,,,,,,,,,,,,,,,,,,,,,,,,,,,,,,,,,,,,,,,,,,,,,,,,,,,,,,,,,,,,,,,,,,,,,,,,,,,,,,,,,,,,,,,,,,,,,,,,,,,,,,,,,,,,,,,,,,,,,,,
UU456,7,3,7/11/24,19:28:14,7.31E-03,68.415,4.25E-03,117.722,2.31E-03,216.87,1.59E-03,315.266,1.21E-03,413.568,9.76E-04,512.089,1084.473,19.302,-1.958,0.979,1.04E-05,-1.36E-03,1469.357,-9.65E-04,2073.536,-6.20E-04,3224.382,-4.64E-04,4314.147,-3.73E-04,5361.772,-3.11E-04,6432.481,12088.6,973.624,-8.859,4.43,2.37E-03,-3.82E-04,5237.192,-2.19E-04,9122.756,-1.19E-04,16758.14,-8.21E-05,24366.83,-6.25E-05,31983.16,-5.05E-05,39634.1,83983.85,1460.212,-1.913,0.956,,,,,,,,,,,,,,,,,,,,,,,,,,,,,,,,,,,,,,,,,,,,,,,,,,,,,,,,,,,,,,,,,,,,,,,,,,,,,,,,,,,,,,,,,,,,,,,,,,,,,,,,,,,,,,,,,,,,,,,,,,,,,,,,,,,,,,,,,,,,,,,,,,,,,,,,,,,,,,,,,,,,,,,,,,,,,,,,,,,,,,,,,,,,,,,,,,,,,,,,,,,,,,,,,,,,,,,,,,,,,,,,,,,,,
UU456,7,4,7/11/24,19:28:14,7.75E-03,64.545,4.43E-03,112.999,2.38E-03,210.216,1.63E-03,307.38,1.24E-03,404.263,9.98E-04,501.257,1067.675,16.035,-1.652,0.826,7.29E-06,-1.41E-03,1414.457,-9.87E-04,2027.174,-6.37E-04,3141.291,-4.74E-04,4217.221,-3.80E-04,5261.067,-3.17E-04,6303.024,11900.8,932.487,-8.619,4.31,2.21E-03,-3.94E-04,5081.456,-2.26E-04,8833.259,-1.23E-04,16210.35,-8.46E-05,23635.1,-6.42E-05,31136.3,-5.17E-05,38719.25,82093.69,1323.026,-1.773,0.886,,,,,,,,,,,,,,,,,,,,,,,,,,,,,,,,,,,,,,,,,,,,,,,,,,,,,,,,,,,,,,,,,,,,,,,,,,,,,,,,,,,,,,,,,,,,,,,,,,,,,,,,,,,,,,,,,,,,,,,,,,,,,,,,,,,,,,,,,,,,,,,,,,,,,,,,,,,,,,,,,,,,,,,,,,,,,,,,,,,,,,,,,,,,,,,,,,,,,,,,,,,,,,,,,,,,,,,,,,,,,,,,,,,,,
UU456,7,5,7/11/24,19:28:14,7.37E-03,67.803,4.30E-03,116.306,2.33E-03,214.829,1.60E-03,312.977,1.22E-03,410.243,9.84E-04,508.085,1076.782,18.827,-1.923,0.962,9.96E-06,-1.42E-03,1404.721,-9.90E-04,2020.025,-6.36E-04,3145.916,-4.74E-04,4223.205,-3.78E-04,5286.614,-3.16E-04,6329.154,11995.36,917.845,-8.417,4.208,2.12E-03,-3.93E-04,5089.913,-2.25E-04,8886.914,-1.23E-04,16314.01,-8.42E-05,23754.66,-6.40E-05,31268.66,-5.15E-05,38818.37,82320.87,1355.84,-1.812,0.906,,,,,,,,,,,,,,,,,,,,,,,,,,,,,,,,,,,,,,,,,,,,,,,,,,,,,,,,,,,,,,,,,,,,,,,,,,,,,,,,,,,,,,,,,,,,,,,,,,,,,,,,,,,,,,,,,,,,,,,,,,,,,,,,,,,,,,,,,,,,,,,,,,,,,,,,,,,,,,,,,,,,,,,,,,,,,,,,,,,,,,,,,,,,,,,,,,,,,,,,,,,,,,,,,,,,,,,,,,,,,,,,,,,,,
UU456,8,1,7/11/24,19:57:58,7.75E-03,64.549,4.41E-03,113.303,2.36E-03,211.531,1.62E-03,309.417,1.23E-03,406.762,9.91E-04,504.411,1075.453,15.76,-1.612,0.806,6.99E-06,-1.36E-03,1468.008,-9.60E-04,2083.49,-6.19E-04,3230.392,-4.62E-04,4329.773,-3.71E-04,5385.276,-3.10E-04,6459.051,12151.94,972.133,-8.8,4.4,2.35E-03,-3.78E-04,5297.592,-2.18E-04,9174.312,-1.19E-04,16805.03,-8.20E-05,24389.68,-6.25E-05,31983.42,-5.05E-05,39598.63,83759.07,1537.41,-2.019,1.01,,,,,,,,,,,,,,,,,,,,,,,,,,,,,,,,,,,,,,,,,,,,,,,,,,,,,,,,,,,,,,,,,,,,,,,,,,,,,,,,,,,,,,,,,,,,,,,,,,,,,,,,,,,,,,,,,,,,,,,,,,,,,,,,,,,,,,,,,,,,,,,,,,,,,,,,,,,,,,,,,,,,,,,,,,,,,,,,,,,,,,,,,,,,,,,,,,,,,,,,,,,,,,,,,,,,,,,,,,,,,,,,,,,,,
UU456,8,2,7/11/24,19:57:58,7.95E-03,62.884,4.47E-03,111.882,2.38E-03,209.844,1.63E-03,307.723,1.23E-03,405.479,9.94E-04,503.214,1076.385,14.05,-1.436,0.718,5.55E-06,-1.40E-03,1429.817,-9.76E-04,2049.449,-6.30E-04,3175.853,-4.68E-04,4277.819,-3.74E-04,5346.021,-3.13E-04,6392.431,12099.15,937.098,-8.52,4.26,2.20E-03,-3.77E-04,5309.659,-2.20E-04,9113.693,-1.20E-04,16641.43,-8.28E-05,24167.4,-6.31E-05,31720.35,-5.09E-05,39268.97,82966.73,1552.315,-2.058,1.029,,,,,,,,,,,,,,,,,,,,,,,,,,,,,,,,,,,,,,,,,,,,,,,,,,,,,,,,,,,,,,,,,,,,,,,,,,,,,,,,,,,,,,,,,,,,,,,,,,,,,,,,,,,,,,,,,,,,,,,,,,,,,,,,,,,,,,,,,,,,,,,,,,,,,,,,,,,,,,,,,,,,,,,,,,,,,,,,,,,,,,,,,,,,,,,,,,,,,,,,,,,,,,,,,,,,,,,,,,,,,,,,,,,,,
UU456,8,3,7/11/24,19:57:58,7.67E-03,65.162,4.39E-03,113.956,2.36E-03,211.562,1.62E-03,309.385,1.23E-03,407.468,9.90E-04,505.074,1075.64,16.155,-1.652,0.826,7.34E-06,-1.40E-03,1433.723,-9.76E-04,2049.348,-6.27E-04,3188.897,-4.68E-04,4270.01,-3.74E-04,5344.507,-3.12E-04,6405.658,12107.11,938.689,-8.529,4.264,2.20E-03,-3.83E-04,5222.941,-2.19E-04,9122.631,-1.20E-04,16735.7,-8.21E-05,24352.73,-6.26E-05,31969.87,-5.05E-05,39573.55,83891.3,1461.168,-1.916,0.958,,,,,,,,,,,,,,,,,,,,,,,,,,,,,,,,,,,,,,,,,,,,,,,,,,,,,,,,,,,,,,,,,,,,,,,,,,,,,,,,,,,,,,,,,,,,,,,,,,,,,,,,,,,,,,,,,,,,,,,,,,,,,,,,,,,,,,,,,,,,,,,,,,,,,,,,,,,,,,,,,,,,,,,,,,,,,,,,,,,,,,,,,,,,,,,,,,,,,,,,,,,,,,,,,,,,,,,,,,,,,,,,,,,,,
UU456,8,4,7/11/24,19:57:58,8.14E-03,61.421,4.56E-03,109.632,2.43E-03,206.008,1.65E-03,302.283,1.26E-03,398.524,1.01E-03,494.692,1059.122,13.36,-1.388,0.694,5.10E-06,-1.41E-03,1421.424,-9.85E-04,2031.527,-6.34E-04,3155.968,-4.73E-04,4232.795,-3.77E-04,5304.646,-3.15E-04,6357.461,12023.63,926.906,-8.48,4.24,2.16E-03,-3.85E-04,5193.483,-2.23E-04,8971.063,-1.22E-04,16369.42,-8.41E-05,23783.11,-6.41E-05,31226.38,-5.17E-05,38700.44,81804.02,1495.758,-2.011,1.006,,,,,,,,,,,,,,,,,,,,,,,,,,,,,,,,,,,,,,,,,,,,,,,,,,,,,,,,,,,,,,,,,,,,,,,,,,,,,,,,,,,,,,,,,,,,,,,,,,,,,,,,,,,,,,,,,,,,,,,,,,,,,,,,,,,,,,,,,,,,,,,,,,,,,,,,,,,,,,,,,,,,,,,,,,,,,,,,,,,,,,,,,,,,,,,,,,,,,,,,,,,,,,,,,,,,,,,,,,,,,,,,,,,,,
UU456,8,5,7/11/24,19:57:58,7.84E-03,63.809,4.45E-03,112.391,2.38E-03,210.112,1.63E-03,307.467,1.24E-03,404.619,9.97E-04,501.663,1070.625,15.242,-1.566,0.783,6.56E-06,-1.41E-03,1414.497,-9.91E-04,2018.408,-6.37E-04,3137.599,-4.74E-04,4222.34,-3.79E-04,5281.909,-3.16E-04,6323.211,11970.52,921.737,-8.47,4.235,2.15E-03,-3.90E-04,5132.535,-2.24E-04,8920.766,-1.22E-04,16384.31,-8.35E-05,23943.35,-6.35E-05,31493.53,-5.12E-05,39084.56,82940.72,1348.015,-1.788,0.894,,,,,,,,,,,,,,,,,,,,,,,,,,,,,,,,,,,,,,,,,,,,,,,,,,,,,,,,,,,,,,,,,,,,,,,,,,,,,,,,,,,,,,,,,,,,,,,,,,,,,,,,,,,,,,,,,,,,,,,,,,,,,,,,,,,,,,,,,,,,,,,,,,,,,,,,,,,,,,,,,,,,,,,,,,,,,,,,,,,,,,,,,,,,,,,,,,,,,,,,,,,,,,,,,,,,,,,,,,,,,,,,,,,,,
UU456,9,1,7/11/24,20:16:38,7.52E-03,66.474,4.35E-03,115.037,2.35E-03,212.661,1.61E-03,309.812,1.23E-03,406.746,9.93E-04,503.747,1069.032,18.019,-1.854,0.927,9.19E-06,-1.39E-03,1437.887,-9.73E-04,2055.558,-6.28E-04,3184.282,-4.70E-04,4251.791,-3.77E-04,5310.52,-3.15E-04,6352.998,11963.29,955.945,-8.79,4.395,2.31E-03,-3.83E-04,5217.832,-2.20E-04,9088.761,-1.20E-04,16642.54,-8.27E-05,24194.65,-6.30E-05,31756.42,-5.09E-05,39313.82,83256.61,1482.977,-1.959,0.98,,,,,,,,,,,,,,,,,,,,,,,,,,,,,,,,,,,,,,,,,,,,,,,,,,,,,,,,,,,,,,,,,,,,,,,,,,,,,,,,,,,,,,,,,,,,,,,,,,,,,,,,,,,,,,,,,,,,,,,,,,,,,,,,,,,,,,,,,,,,,,,,,,,,,,,,,,,,,,,,,,,,,,,,,,,,,,,,,,,,,,,,,,,,,,,,,,,,,,,,,,,,,,,,,,,,,,,,,,,,,,,,,,,,,
UU456,9,2,7/11/24,20:16:38,7.93E-03,63.065,4.48E-03,111.701,2.39E-03,209.424,1.63E-03,307.227,1.24E-03,404.528,9.96E-04,501.826,1072.946,14.315,-1.468,0.734,5.78E-06,-1.41E-03,1417.003,-9.86E-04,2027.861,-6.30E-04,3177.104,-4.72E-04,4240.711,-3.76E-04,5317.296,-3.14E-04,6369.163,12061.38,925.592,-8.441,4.221,2.15E-03,-3.86E-04,5188.727,-2.22E-04,8997.418,-1.22E-04,16453.73,-8.35E-05,23942.38,-6.36E-05,31438.63,-5.13E-05,38972.53,82486.48,1460.402,-1.948,0.974,,,,,,,,,,,,,,,,,,,,,,,,,,,,,,,,,,,,,,,,,,,,,,,,,,,,,,,,,,,,,,,,,,,,,,,,,,,,,,,,,,,,,,,,,,,,,,,,,,,,,,,,,,,,,,,,,,,,,,,,,,,,,,,,,,,,,,,,,,,,,,,,,,,,,,,,,,,,,,,,,,,,,,,,,,,,,,,,,,,,,,,,,,,,,,,,,,,,,,,,,,,,,,,,,,,,,,,,,,,,,,,,,,,,,
UU456,9,3,7/11/24,20:16:38,7.60E-03,65.81,4.37E-03,114.393,2.36E-03,211.75,1.62E-03,309.092,1.23E-03,406.501,9.93E-04,503.609,1070.447,17.133,-1.761,0.88,8.30E-06,-1.40E-03,1426.849,-9.78E-04,2044.141,-6.31E-04,3171.507,-4.71E-04,4243.186,-3.76E-04,5313.129,-3.15E-04,6357.279,12005.96,939.768,-8.61,4.305,2.23E-03,-3.85E-04,5198.667,-2.20E-04,9092.604,-1.19E-04,16774.3,-8.19E-05,24414.81,-6.24E-05,32078.63,-5.03E-05,39785.32,84446.1,1392.005,-1.813,0.907,,,,,,,,,,,,,,,,,,,,,,,,,,,,,,,,,,,,,,,,,,,,,,,,,,,,,,,,,,,,,,,,,,,,,,,,,,,,,,,,,,,,,,,,,,,,,,,,,,,,,,,,,,,,,,,,,,,,,,,,,,,,,,,,,,,,,,,,,,,,,,,,,,,,,,,,,,,,,,,,,,,,,,,,,,,,,,,,,,,,,,,,,,,,,,,,,,,,,,,,,,,,,,,,,,,,,,,,,,,,,,,,,,,,,
UU456,9,4,7/11/24,20:16:38,8.12E-03,61.552,4.57E-03,109.465,2.44E-03,205.304,1.66E-03,301.441,1.26E-03,397.45,1.01E-03,493.209,1055.467,13.529,-1.41,0.705,5.25E-06,-1.43E-03,1397.78,-9.99E-04,2001.151,-6.42E-04,3116.61,-4.79E-04,4171.821,-3.83E-04,5219.724,-3.20E-04,6258.566,11832.4,915.454,-8.511,4.255,2.14E-03,-3.95E-04,5061.279,-2.26E-04,8854.416,-1.23E-04,16301.11,-8.42E-05,23757.79,-6.40E-05,31240.34,-5.16E-05,38761.72,82279.38,1339.579,-1.791,0.895,,,,,,,,,,,,,,,,,,,,,,,,,,,,,,,,,,,,,,,,,,,,,,,,,,,,,,,,,,,,,,,,,,,,,,,,,,,,,,,,,,,,,,,,,,,,,,,,,,,,,,,,,,,,,,,,,,,,,,,,,,,,,,,,,,,,,,,,,,,,,,,,,,,,,,,,,,,,,,,,,,,,,,,,,,,,,,,,,,,,,,,,,,,,,,,,,,,,,,,,,,,,,,,,,,,,,,,,,,,,,,,,,,,,,
UU456,9,5,7/11/24,20:16:38,7.71E-03,64.832,4.43E-03,112.971,2.38E-03,209.942,1.63E-03,307.182,1.24E-03,403.877,9.99E-04,500.751,1066.051,16.232,-1.675,0.837,7.48E-06,-1.43E-03,1401.709,-1.00E-03,1998.841,-6.41E-04,3122.302,-4.78E-04,4187.982,-3.82E-04,5229.497,-3.19E-04,6265.429,11853.6,917.159,-8.511,4.256,2.15E-03,-3.93E-04,5092.35,-2.25E-04,8878.077,-1.23E-04,16332.4,-8.38E-05,23860,-6.37E-05,31399.49,-5.14E-05,38941.34,82700.12,1328.608,-1.767,0.884,,,,,,,,,,,,,,,,,,,,,,,,,,,,,,,,,,,,,,,,,,,,,,,,,,,,,,,,,,,,,,,,,,,,,,,,,,,,,,,,,,,,,,,,,,,,,,,,,,,,,,,,,,,,,,,,,,,,,,,,,,,,,,,,,,,,,,,,,,,,,,,,,,,,,,,,,,,,,,,,,,,,,,,,,,,,,,,,,,,,,,,,,,,,,,,,,,,,,,,,,,,,,,,,,,,,,,,,,,,,,,,,,,,,,
UU456,10,1,7/11/24,20:35:02,7.43E-03,67.277,4.31E-03,115.919,2.34E-03,213.843,1.61E-03,311.6,1.22E-03,409.222,9.87E-04,506.842,1074.8,18.369,-1.88,0.94,9.50E-06,-1.37E-03,1461.956,-9.75E-04,2052.254,-6.26E-04,3194.179,-4.66E-04,4289.333,-3.74E-04,5346.665,-3.12E-04,6402.049,12060.72,958.63,-8.743,4.372,2.31E-03,-2.66E-04,7517.836,-1.50E-04,13366.48,-8.01E-05,24963.9,-5.48E-05,36513.47,-4.16E-05,48069.64,-3.35E-05,59669.43,127389.4,1766.241,-1.525,0.763,,,,,,,,,,,,,,,,,,,,,,,,,,,,,,,,,,,,,,,,,,,,,,,,,,,,,,,,,,,,,,,,,,,,,,,,,,,,,,,,,,,,,,,,,,,,,,,,,,,,,,,,,,,,,,,,,,,,,,,,,,,,,,,,,,,,,,,,,,,,,,,,,,,,,,,,,,,,,,,,,,,,,,,,,,,,,,,,,,,,,,,,,,,,,,,,,,,,,,,,,,,,,,,,,,,,,,,,,,,,,,,,,,,,,
UU456,10,2,7/11/24,20:35:02,7.82E-03,63.94,4.44E-03,112.751,2.37E-03,210.657,1.62E-03,308.322,1.23E-03,406.088,9.93E-04,503.529,1074.81,15.13,-1.548,0.774,6.44E-06,-1.42E-03,1407.777,-9.91E-04,2019.109,-6.36E-04,3146.846,-4.74E-04,4221.458,-3.78E-04,5294.563,-3.16E-04,6337.718,12014,916.444,-8.391,4.195,2.12E-03,-2.63E-04,7596.764,-1.49E-04,13408.51,-8.03E-05,24901.14,-5.50E-05,36398.91,-4.18E-05,47896.96,-3.37E-05,59434.48,126626.9,1867.985,-1.623,0.811,,,,,,,,,,,,,,,,,,,,,,,,,,,,,,,,,,,,,,,,,,,,,,,,,,,,,,,,,,,,,,,,,,,,,,,,,,,,,,,,,,,,,,,,,,,,,,,,,,,,,,,,,,,,,,,,,,,,,,,,,,,,,,,,,,,,,,,,,,,,,,,,,,,,,,,,,,,,,,,,,,,,,,,,,,,,,,,,,,,,,,,,,,,,,,,,,,,,,,,,,,,,,,,,,,,,,,,,,,,,,,,,,,,,,
UU456,10,3,7/11/24,20:35:02,7.61E-03,65.723,4.36E-03,114.678,2.36E-03,212.072,1.62E-03,309.49,1.23E-03,407.239,9.90E-04,504.923,1073.288,16.961,-1.738,0.869,8.11E-06,-1.41E-03,1421.878,-9.83E-04,2035.69,-6.33E-04,3159.663,-4.71E-04,4244.708,-3.77E-04,5305.997,-3.15E-04,6347.111,12003.5,933.504,-8.555,4.277,2.20E-03,-2.70E-04,7400.966,-1.51E-04,13269.46,-8.04E-05,24872.68,-5.49E-05,36415.88,-4.17E-05,48014.25,-3.36E-05,59614.3,127532.7,1647.081,-1.421,0.71,,,,,,,,,,,,,,,,,,,,,,,,,,,,,,,,,,,,,,,,,,,,,,,,,,,,,,,,,,,,,,,,,,,,,,,,,,,,,,,,,,,,,,,,,,,,,,,,,,,,,,,,,,,,,,,,,,,,,,,,,,,,,,,,,,,,,,,,,,,,,,,,,,,,,,,,,,,,,,,,,,,,,,,,,,,,,,,,,,,,,,,,,,,,,,,,,,,,,,,,,,,,,,,,,,,,,,,,,,,,,,,,,,,,,
UU456,10,4,7/11/24,20:35:02,8.02E-03,62.329,4.53E-03,110.384,2.42E-03,206.705,1.65E-03,302.766,1.25E-03,399.014,1.01E-03,495.251,1058.224,14.219,-1.478,0.739,5.78E-06,-1.44E-03,1390.337,-1.01E-03,1990.723,-6.44E-04,3107.018,-4.80E-04,4165.955,-3.83E-04,5217.818,-3.21E-04,6239.744,11822.97,908.658,-8.454,4.227,2.11E-03,-2.73E-04,7329.712,-1.53E-04,13069.67,-8.19E-05,24431.72,-5.58E-05,35820.98,-4.23E-05,47256.41,-3.41E-05,58739.39,125569.8,1618.103,-1.417,0.709,,,,,,,,,,,,,,,,,,,,,,,,,,,,,,,,,,,,,,,,,,,,,,,,,,,,,,,,,,,,,,,,,,,,,,,,,,,,,,,,,,,,,,,,,,,,,,,,,,,,,,,,,,,,,,,,,,,,,,,,,,,,,,,,,,,,,,,,,,,,,,,,,,,,,,,,,,,,,,,,,,,,,,,,,,,,,,,,,,,,,,,,,,,,,,,,,,,,,,,,,,,,,,,,,,,,,,,,,,,,,,,,,,,,,
UU456,10,5,7/11/24,20:35:02,7.81E-03,64.043,4.46E-03,112.215,2.38E-03,209.976,1.63E-03,306.978,1.24E-03,404.034,9.98E-04,500.922,1068.49,15.428,-1.588,0.794,6.74E-06,-1.44E-03,1389.7,-9.99E-04,2001.738,-6.44E-04,3106.029,-4.78E-04,4183.558,-3.83E-04,5226.585,-3.20E-04,6257.118,11856.41,909.665,-8.44,4.22,2.11E-03,-2.82E-04,7097.66,-1.55E-04,12881.7,-8.20E-05,24377.04,-5.57E-05,35882.36,-4.22E-05,47375.74,-3.40E-05,58898.89,126577.4,1359.048,-1.181,0.591,,,,,,,,,,,,,,,,,,,,,,,,,,,,,,,,,,,,,,,,,,,,,,,,,,,,,,,,,,,,,,,,,,,,,,,,,,,,,,,,,,,,,,,,,,,,,,,,,,,,,,,,,,,,,,,,,,,,,,,,,,,,,,,,,,,,,,,,,,,,,,,,,,,,,,,,,,,,,,,,,,,,,,,,,,,,,,,,,,,,,,,,,,,,,,,,,,,,,,,,,,,,,,,,,,,,,,,,,,,,,,,,,,,,,
UU456,12,1,7/11/24,20:55:12,7.47E-03,66.917,4.30E-03,116.194,2.35E-03,213.191,1.61E-03,310.509,1.23E-03,408,9.90E-04,504.89,1070.31,18.59,-1.911,0.955,9.77E-06,-1.04E-03,1918.41,-7.25E-04,2760.315,-4.66E-04,4296.326,-3.46E-04,5787.992,-2.75E-04,7265.805,-2.30E-04,8693.687,16520.8,1240.536,-8.26,4.13,2.82E-03,-3.62E-04,5526.755,-2.13E-04,9412.695,-1.17E-04,17040.86,-8.12E-05,24620.41,-6.21E-05,32204.3,-5.03E-05,39770.84,83638.09,1787.03,-2.35,1.175,,,,,,,,,,,,,,,,,,,,,,,,,,,,,,,,,,,,,,,,,,,,,,,,,,,,,,,,,,,,,,,,,,,,,,,,,,,,,,,,,,,,,,,,,,,,,,,,,,,,,,,,,,,,,,,,,,,,,,,,,,,,,,,,,,,,,,,,,,,,,,,,,,,,,,,,,,,,,,,,,,,,,,,,,,,,,,,,,,,,,,,,,,,,,,,,,,,,,,,,,,,,,,,,,,,,,,,,,,,,,,,,,,,,,
UU456,12,2,7/11/24,20:55:12,7.73E-03,64.689,4.41E-03,113.409,2.37E-03,211.397,1.62E-03,308.94,1.23E-03,406.514,9.93E-04,503.764,1073.649,15.974,-1.637,0.818,7.19E-06,-1.03E-03,1951.334,-7.16E-04,2795.389,-4.60E-04,4351.374,-3.42E-04,5844.757,-2.73E-04,7327.698,-2.28E-04,8769.353,16620.58,1269.998,-8.405,4.203,2.94E-03,-3.57E-04,5595.251,-2.12E-04,9423.738,-1.18E-04,16898.17,-8.22E-05,24340.79,-6.28E-05,31829.9,-5.08E-05,39358.38,82393.69,1891.016,-2.525,1.262,,,,,,,,,,,,,,,,,,,,,,,,,,,,,,,,,,,,,,,,,,,,,,,,,,,,,,,,,,,,,,,,,,,,,,,,,,,,,,,,,,,,,,,,,,,,,,,,,,,,,,,,,,,,,,,,,,,,,,,,,,,,,,,,,,,,,,,,,,,,,,,,,,,,,,,,,,,,,,,,,,,,,,,,,,,,,,,,,,,,,,,,,,,,,,,,,,,,,,,,,,,,,,,,,,,,,,,,,,,,,,,,,,,,,
UU456,12,3,7/11/24,20:55:12,7.59E-03,65.896,4.36E-03,114.81,2.36E-03,211.667,1.62E-03,309.565,1.23E-03,407.077,9.92E-04,504.161,1071.572,17.206,-1.766,0.883,8.36E-06,-1.05E-03,1906.323,-7.27E-04,2750.57,-4.66E-04,4293.974,-3.46E-04,5785.062,-2.75E-04,7262.902,-2.31E-04,8678.521,16520.8,1233.006,-8.21,4.105,2.78E-03,-3.67E-04,5445.808,-2.13E-04,9396.156,-1.17E-04,17110.69,-8.07E-05,24771.94,-6.17E-05,32411.13,-4.99E-05,40107.81,84596.16,1673.298,-2.176,1.088,,,,,,,,,,,,,,,,,,,,,,,,,,,,,,,,,,,,,,,,,,,,,,,,,,,,,,,,,,,,,,,,,,,,,,,,,,,,,,,,,,,,,,,,,,,,,,,,,,,,,,,,,,,,,,,,,,,,,,,,,,,,,,,,,,,,,,,,,,,,,,,,,,,,,,,,,,,,,,,,,,,,,,,,,,,,,,,,,,,,,,,,,,,,,,,,,,,,,,,,,,,,,,,,,,,,,,,,,,,,,,,,,,,,,
UU456,12,4,7/11/24,20:55:12,8.03E-03,62.237,4.54E-03,110.259,2.43E-03,205.766,1.66E-03,302.131,1.26E-03,397.747,1.01E-03,493.165,1053.765,14.409,-1.504,0.752,5.96E-06,-1.06E-03,1883.151,-7.36E-04,2717.174,-4.69E-04,4267.705,-3.49E-04,5736.543,-2.78E-04,7200.616,-2.33E-04,8602.483,16393.69,1217.909,-8.172,4.086,2.74E-03,-3.75E-04,5341.124,-2.19E-04,9122.34,-1.21E-04,16561.5,-8.34E-05,23990.16,-6.37E-05,31422.97,-5.15E-05,38858.49,81867.46,1656.328,-2.226,1.113,,,,,,,,,,,,,,,,,,,,,,,,,,,,,,,,,,,,,,,,,,,,,,,,,,,,,,,,,,,,,,,,,,,,,,,,,,,,,,,,,,,,,,,,,,,,,,,,,,,,,,,,,,,,,,,,,,,,,,,,,,,,,,,,,,,,,,,,,,,,,,,,,,,,,,,,,,,,,,,,,,,,,,,,,,,,,,,,,,,,,,,,,,,,,,,,,,,,,,,,,,,,,,,,,,,,,,,,,,,,,,,,,,,,,
UU456,12,5,7/11/24,20:55:12,7.60E-03,65.834,4.40E-03,113.541,2.38E-03,210.495,1.63E-03,307.598,1.24E-03,404.279,9.98E-04,500.905,1064.462,17.121,-1.769,0.885,8.33E-06,-1.04E-03,1918.447,-7.26E-04,2753.399,-4.68E-04,4276.026,-3.48E-04,5750.117,-2.78E-04,7203.91,-2.32E-04,8632.373,16355.21,1248.051,-8.394,4.197,2.88E-03,-3.78E-04,5292.658,-2.20E-04,9094.588,-1.21E-04,16524.42,-8.36E-05,23917.52,-6.38E-05,31374.57,-5.15E-05,38819.12,81847.54,1615.371,-2.171,1.085,,,,,,,,,,,,,,,,,,,,,,,,,,,,,,,,,,,,,,,,,,,,,,,,,,,,,,,,,,,,,,,,,,,,,,,,,,,,,,,,,,,,,,,,,,,,,,,,,,,,,,,,,,,,,,,,,,,,,,,,,,,,,,,,,,,,,,,,,,,,,,,,,,,,,,,,,,,,,,,,,,,,,,,,,,,,,,,,,,,,,,,,,,,,,,,,,,,,,,,,,,,,,,,,,,,,,,,,,,,,,,,,,,,,,
UU456,13,1,7/11/24,21:13:38,7.39E-03,67.683,4.30E-03,116.318,2.34E-03,213.508,1.61E-03,310.455,1.23E-03,407.488,9.92E-04,504.237,1067.199,19.318,-1.991,0.996,1.06E-05,-1.05E-03,1905.506,-7.27E-04,2751.414,-4.65E-04,4304.908,-3.45E-04,5796.53,-2.76E-04,7247.585,-2.30E-04,8697.884,16538.04,1233.37,-8.204,4.102,2.78E-03,-3.62E-04,5518.855,-2.13E-04,9390.642,-1.18E-04,17000.15,-8.14E-05,24581.68,-6.22E-05,32161.89,-5.03E-05,39739,83581.72,1769.676,-2.329,1.165,,,,,,,,,,,,,,,,,,,,,,,,,,,,,,,,,,,,,,,,,,,,,,,,,,,,,,,,,,,,,,,,,,,,,,,,,,,,,,,,,,,,,,,,,,,,,,,,,,,,,,,,,,,,,,,,,,,,,,,,,,,,,,,,,,,,,,,,,,,,,,,,,,,,,,,,,,,,,,,,,,,,,,,,,,,,,,,,,,,,,,,,,,,,,,,,,,,,,,,,,,,,,,,,,,,,,,,,,,,,,,,,,,,,,
UU456,13,2,7/11/24,21:13:38,7.68E-03,65.113,4.39E-03,113.789,2.36E-03,211.749,1.62E-03,308.812,1.23E-03,406.019,9.94E-04,503.191,1070.88,16.618,-1.707,0.853,7.80E-06,-1.04E-03,1921.913,-7.17E-04,2789.07,-4.63E-04,4316.187,-3.43E-04,5824.926,-2.74E-04,7298.524,-2.29E-04,8720.524,16565.77,1254.744,-8.332,4.166,2.88E-03,-3.64E-04,5495.125,-2.14E-04,9329.185,-1.19E-04,16812.37,-8.23E-05,24311.38,-6.29E-05,31804.85,-5.09E-05,39325.88,82597.67,1781.862,-2.373,1.187,,,,,,,,,,,,,,,,,,,,,,,,,,,,,,,,,,,,,,,,,,,,,,,,,,,,,,,,,,,,,,,,,,,,,,,,,,,,,,,,,,,,,,,,,,,,,,,,,,,,,,,,,,,,,,,,,,,,,,,,,,,,,,,,,,,,,,,,,,,,,,,,,,,,,,,,,,,,,,,,,,,,,,,,,,,,,,,,,,,,,,,,,,,,,,,,,,,,,,,,,,,,,,,,,,,,,,,,,,,,,,,,,,,,,
UU456,13,3,7/11/24,21:13:38,7.57E-03,66.032,4.36E-03,114.796,2.36E-03,211.827,1.62E-03,309.506,1.23E-03,406.716,9.93E-04,503.65,1070.034,17.459,-1.795,0.897,8.62E-06,-1.06E-03,1894.137,-7.32E-04,2730.741,-4.67E-04,4284.086,-3.46E-04,5780.464,-2.77E-04,7231.547,-2.30E-04,8695.539,16562.27,1213.129,-8.057,4.029,2.69E-03,-3.67E-04,5444.147,-2.13E-04,9395.626,-1.17E-04,17088.61,-8.08E-05,24766.27,-6.17E-05,32431.21,-4.99E-05,40062.98,84549.2,1675.23,-2.18,1.09,,,,,,,,,,,,,,,,,,,,,,,,,,,,,,,,,,,,,,,,,,,,,,,,,,,,,,,,,,,,,,,,,,,,,,,,,,,,,,,,,,,,,,,,,,,,,,,,,,,,,,,,,,,,,,,,,,,,,,,,,,,,,,,,,,,,,,,,,,,,,,,,,,,,,,,,,,,,,,,,,,,,,,,,,,,,,,,,,,,,,,,,,,,,,,,,,,,,,,,,,,,,,,,,,,,,,,,,,,,,,,,,,,,,,
UU456,13,4,7/11/24,21:13:38,7.95E-03,62.892,4.51E-03,110.836,2.42E-03,206.312,1.65E-03,302.265,1.26E-03,398.099,1.01E-03,494.257,1054.198,14.866,-1.551,0.776,6.34E-06,-1.07E-03,1866.124,-7.43E-04,2691.258,-4.73E-04,4230.485,-3.51E-04,5698.996,-2.81E-04,7130.735,-2.33E-04,8571.294,16327.28,1197.044,-8.065,4.032,2.66E-03,-3.80E-04,5269.314,-2.20E-04,9108.588,-1.20E-04,16619.58,-8.31E-05,24069.33,-6.34E-05,31552.66,-5.12E-05,39073.95,82500.14,1573.867,-2.098,1.049,,,,,,,,,,,,,,,,,,,,,,,,,,,,,,,,,,,,,,,,,,,,,,,,,,,,,,,,,,,,,,,,,,,,,,,,,,,,,,,,,,,,,,,,,,,,,,,,,,,,,,,,,,,,,,,,,,,,,,,,,,,,,,,,,,,,,,,,,,,,,,,,,,,,,,,,,,,,,,,,,,,,,,,,,,,,,,,,,,,,,,,,,,,,,,,,,,,,,,,,,,,,,,,,,,,,,,,,,,,,,,,,,,,,,
UU456,13,5,7/11/24,21:13:38,7.73E-03,64.68,4.43E-03,112.826,2.38E-03,210.273,1.63E-03,306.822,1.24E-03,403.675,1.00E-03,500.184,1065,16.296,-1.683,0.842,7.54E-06,-1.05E-03,1907.05,-7.32E-04,2731.625,-4.70E-04,4251.972,-3.49E-04,5725.688,-2.79E-04,7172.855,-2.33E-04,8598.009,16308.24,1234.568,-8.327,4.164,2.83E-03,-3.81E-04,5248.627,-2.21E-04,9052.969,-1.21E-04,16519.51,-8.35E-05,23951.67,-6.36E-05,31455.84,-5.14E-05,38914.97,82224.76,1546.908,-2.069,1.035,,,,,,,,,,,,,,,,,,,,,,,,,,,,,,,,,,,,,,,,,,,,,,,,,,,,,,,,,,,,,,,,,,,,,,,,,,,,,,,,,,,,,,,,,,,,,,,,,,,,,,,,,,,,,,,,,,,,,,,,,,,,,,,,,,,,,,,,,,,,,,,,,,,,,,,,,,,,,,,,,,,,,,,,,,,,,,,,,,,,,,,,,,,,,,,,,,,,,,,,,,,,,,,,,,,,,,,,,,,,,,,,,,,,,
UU456,14,1,7/11/24,21:32:14,7.53E-03,66.416,4.34E-03,115.162,2.35E-03,212.771,1.61E-03,310.264,1.23E-03,407.661,9.91E-04,504.766,1071.786,17.799,-1.827,0.913,8.94E-06,-1.03E-03,1944.655,-7.24E-04,2762.774,-4.60E-04,4345.323,-3.43E-04,5836.843,-2.74E-04,7298.551,-2.29E-04,8747.452,16600.01,1257.445,-8.332,4.166,2.88E-03,-2.59E-04,7712.538,-1.48E-04,13543.44,-7.98E-05,25068.91,-5.48E-05,36520.01,-4.17E-05,47999.04,-3.36E-05,59495.13,126474.1,2020.903,-1.758,0.879,,,,,,,,,,,,,,,,,,,,,,,,,,,,,,,,,,,,,,,,,,,,,,,,,,,,,,,,,,,,,,,,,,,,,,,,,,,,,,,,,,,,,,,,,,,,,,,,,,,,,,,,,,,,,,,,,,,,,,,,,,,,,,,,,,,,,,,,,,,,,,,,,,,,,,,,,,,,,,,,,,,,,,,,,,,,,,,,,,,,,,,,,,,,,,,,,,,,,,,,,,,,,,,,,,,,,,,,,,,,,,,,,,,,,
UU456,14,2,7/11/24,21:32:14,7.63E-03,65.554,4.38E-03,114.063,2.36E-03,211.753,1.62E-03,309.383,1.23E-03,406.534,9.92E-04,503.85,1071.751,16.824,-1.727,0.863,7.99E-06,-1.05E-03,1903.257,-7.27E-04,2749.908,-4.64E-04,4311.181,-3.45E-04,5803.881,-2.75E-04,7269.898,-2.29E-04,8717.104,16599.18,1227.578,-8.135,4.067,2.75E-03,-2.55E-04,7842.737,-1.47E-04,13624.81,-8.00E-05,25011.88,-5.49E-05,36457.7,-4.18E-05,47876.44,-3.37E-05,59361.27,125830.5,2144.71,-1.875,0.937,,,,,,,,,,,,,,,,,,,,,,,,,,,,,,,,,,,,,,,,,,,,,,,,,,,,,,,,,,,,,,,,,,,,,,,,,,,,,,,,,,,,,,,,,,,,,,,,,,,,,,,,,,,,,,,,,,,,,,,,,,,,,,,,,,,,,,,,,,,,,,,,,,,,,,,,,,,,,,,,,,,,,,,,,,,,,,,,,,,,,,,,,,,,,,,,,,,,,,,,,,,,,,,,,,,,,,,,,,,,,,,,,,,,,
UU456,14,3,7/11/24,21:32:14,7.71E-03,64.83,4.40E-03,113.711,2.37E-03,210.96,1.62E-03,308.663,1.23E-03,406.253,9.93E-04,503.613,1072.661,16.092,-1.65,0.825,7.30E-06,-1.05E-03,1907.542,-7.25E-04,2759.637,-4.61E-04,4334.981,-3.43E-04,5829.018,-2.74E-04,7301.775,-2.29E-04,8752.429,16673.55,1231.808,-8.127,4.063,2.75E-03,-2.62E-04,7645.143,-1.48E-04,13541.24,-7.95E-05,25148.76,-5.45E-05,36702.57,-4.14E-05,48260.92,-3.34E-05,59854.25,127495.7,1916.644,-1.654,0.827,,,,,,,,,,,,,,,,,,,,,,,,,,,,,,,,,,,,,,,,,,,,,,,,,,,,,,,,,,,,,,,,,,,,,,,,,,,,,,,,,,,,,,,,,,,,,,,,,,,,,,,,,,,,,,,,,,,,,,,,,,,,,,,,,,,,,,,,,,,,,,,,,,,,,,,,,,,,,,,,,,,,,,,,,,,,,,,,,,,,,,,,,,,,,,,,,,,,,,,,,,,,,,,,,,,,,,,,,,,,,,,,,,,,,
UU456,14,4,7/11/24,21:32:14,8.21E-03,60.871,4.60E-03,108.723,2.45E-03,204.322,1.66E-03,300.696,1.26E-03,396.596,1.02E-03,492.242,1054.967,12.818,-1.336,0.668,4.71E-06,-1.07E-03,1870.785,-7.39E-04,2704.899,-4.70E-04,4254.948,-3.50E-04,5713.47,-2.79E-04,7163.812,-2.33E-04,8580.487,16348.66,1208.609,-8.132,4.066,2.70E-03,-2.68E-04,7450.427,-1.52E-04,13130.08,-8.23E-05,24307.48,-5.63E-05,35503.8,-4.28E-05,46755.19,-3.45E-05,58062.06,123578.1,1846.057,-1.643,0.822,,,,,,,,,,,,,,,,,,,,,,,,,,,,,,,,,,,,,,,,,,,,,,,,,,,,,,,,,,,,,,,,,,,,,,,,,,,,,,,,,,,,,,,,,,,,,,,,,,,,,,,,,,,,,,,,,,,,,,,,,,,,,,,,,,,,,,,,,,,,,,,,,,,,,,,,,,,,,,,,,,,,,,,,,,,,,,,,,,,,,,,,,,,,,,,,,,,,,,,,,,,,,,,,,,,,,,,,,,,,,,,,,,,,,
UU456,14,5,7/11/24,21:32:14,7.69E-03,64.997,4.43E-03,112.908,2.38E-03,210.023,1.63E-03,306.852,1.24E-03,403.629,9.99E-04,500.588,1065.202,16.338,-1.687,0.844,7.58E-06,-1.06E-03,1891.074,-7.36E-04,2719.287,-4.71E-04,4249.37,-3.49E-04,5736.083,-2.78E-04,7183.289,-2.32E-04,8636.175,16428.07,1211.105,-8.109,4.055,2.70E-03,-2.69E-04,7432.071,-1.52E-04,13148.55,-8.17E-05,24467.23,-5.58E-05,35820.79,-4.24E-05,47209.89,-3.42E-05,58558.81,124946.9,1762.648,-1.552,0.776,,,,,,,,,,,,,,,,,,,,,,,,,,,,,,,,,,,,,,,,,,,,,,,,,,,,,,,,,,,,,,,,,,,,,,,,,,,,,,,,,,,,,,,,,,,,,,,,,,,,,,,,,,,,,,,,,,,,,,,,,,,,,,,,,,,,,,,,,,,,,,,,,,,,,,,,,,,,,,,,,,,,,,,,,,,,,,,,,,,,,,,,,,,,,,,,,,,,,,,,,,,,,,,,,,,,,,,,,,,,,,,,,,,,,
UU456,15,1,7/11/24,21:51:14,7.27E-03,68.761,4.24E-03,117.978,2.31E-03,216.379,1.59E-03,314.428,1.21E-03,412.164,9.80E-04,510.143,1078.773,19.961,-2.035,1.018,1.12E-05,-1.05E-03,1909.162,-7.28E-04,2748.956,-4.67E-04,4287.687,-3.45E-04,5790.22,-2.77E-04,7230.396,-2.30E-04,8681.083,16493.74,1234.388,-8.232,4.116,2.80E-03,-2.59E-04,7708.971,-1.48E-04,13552.43,-7.97E-05,25087.59,-5.47E-05,36581.2,-4.16E-05,48106.99,-3.35E-05,59648.25,126858.2,1988.459,-1.724,0.862,,,,,,,,,,,,,,,,,,,,,,,,,,,,,,,,,,,,,,,,,,,,,,,,,,,,,,,,,,,,,,,,,,,,,,,,,,,,,,,,,,,,,,,,,,,,,,,,,,,,,,,,,,,,,,,,,,,,,,,,,,,,,,,,,,,,,,,,,,,,,,,,,,,,,,,,,,,,,,,,,,,,,,,,,,,,,,,,,,,,,,,,,,,,,,,,,,,,,,,,,,,,,,,,,,,,,,,,,,,,,,,,,,,,,
UU456,15,2,7/11/24,21:51:14,7.66E-03,65.239,4.38E-03,114.04,2.36E-03,211.967,1.61E-03,309.951,1.23E-03,407.624,9.89E-04,505.429,1076.21,16.296,-1.666,0.833,7.46E-06,-1.05E-03,1905.433,-7.25E-04,2757.297,-4.65E-04,4302.315,-3.45E-04,5796.295,-2.75E-04,7275.505,-2.30E-04,8700.419,16565.5,1232.498,-8.184,4.092,2.77E-03,-2.59E-04,7715.603,-1.48E-04,13557.3,-8.00E-05,24995.41,-5.49E-05,36462.75,-4.17E-05,47953.23,-3.36E-05,59478.85,126391.9,2010.886,-1.75,0.875,,,,,,,,,,,,,,,,,,,,,,,,,,,,,,,,,,,,,,,,,,,,,,,,,,,,,,,,,,,,,,,,,,,,,,,,,,,,,,,,,,,,,,,,,,,,,,,,,,,,,,,,,,,,,,,,,,,,,,,,,,,,,,,,,,,,,,,,,,,,,,,,,,,,,,,,,,,,,,,,,,,,,,,,,,,,,,,,,,,,,,,,,,,,,,,,,,,,,,,,,,,,,,,,,,,,,,,,,,,,,,,,,,,,,
UU456,15,3,7/11/24,21:51:14,7.42E-03,67.379,4.30E-03,116.354,2.33E-03,214.292,1.60E-03,312.537,1.22E-03,410.715,9.84E-04,508.279,1078.284,18.359,-1.873,0.936,9.46E-06,-1.05E-03,1904.236,-7.24E-04,2761.386,-4.64E-04,4313.924,-3.44E-04,5807.673,-2.76E-04,7259.423,-2.30E-04,8693.573,16532.68,1240.694,-8.255,4.127,2.82E-03,-2.60E-04,7691.627,-1.47E-04,13595.82,-7.93E-05,25233.5,-5.43E-05,36837.7,-4.13E-05,48408.22,-3.33E-05,60075.94,127906.4,1935.163,-1.664,0.832,,,,,,,,,,,,,,,,,,,,,,,,,,,,,,,,,,,,,,,,,,,,,,,,,,,,,,,,,,,,,,,,,,,,,,,,,,,,,,,,,,,,,,,,,,,,,,,,,,,,,,,,,,,,,,,,,,,,,,,,,,,,,,,,,,,,,,,,,,,,,,,,,,,,,,,,,,,,,,,,,,,,,,,,,,,,,,,,,,,,,,,,,,,,,,,,,,,,,,,,,,,,,,,,,,,,,,,,,,,,,,,,,,,,,
UU456,15,4,7/11/24,21:51:14,7.78E-03,64.297,4.44E-03,112.576,2.40E-03,208.541,1.64E-03,305.196,1.25E-03,401.571,1.00E-03,497.834,1059.84,16.101,-1.671,0.836,7.40E-06,-1.07E-03,1866.786,-7.42E-04,2696.45,-4.72E-04,4238.402,-3.50E-04,5710.468,-2.80E-04,7149.803,-2.33E-04,8578.059,16351.82,1199.794,-8.071,4.036,2.66E-03,-2.64E-04,7572.488,-1.50E-04,13353.99,-8.07E-05,24771.79,-5.53E-05,36161.53,-4.20E-05,47645.93,-3.38E-05,59123.67,125908.4,1868.843,-1.633,0.816,,,,,,,,,,,,,,,,,,,,,,,,,,,,,,,,,,,,,,,,,,,,,,,,,,,,,,,,,,,,,,,,,,,,,,,,,,,,,,,,,,,,,,,,,,,,,,,,,,,,,,,,,,,,,,,,,,,,,,,,,,,,,,,,,,,,,,,,,,,,,,,,,,,,,,,,,,,,,,,,,,,,,,,,,,,,,,,,,,,,,,,,,,,,,,,,,,,,,,,,,,,,,,,,,,,,,,,,,,,,,,,,,,,,,
UU456,15,5,7/11/24,21:51:14,7.56E-03,66.139,4.38E-03,114.189,2.36E-03,211.739,1.62E-03,308.911,1.23E-03,406.068,9.94E-04,503.222,1069.014,17.322,-1.782,0.891,8.49E-06,-1.07E-03,1872.817,-7.42E-04,2694.285,-4.73E-04,4224.784,-3.50E-04,5715.135,-2.80E-04,7139.491,-2.33E-04,8574.675,16335.88,1200.405,-8.083,4.042,2.67E-03,-2.65E-04,7534.688,-1.50E-04,13313.36,-8.09E-05,24722.49,-5.52E-05,36215.75,-4.19E-05,47727.34,-3.38E-05,59193.14,126253.7,1800.632,-1.569,0.784,,,,,,,,,,,,,,,,,,,,,,,,,,,,,,,,,,,,,,,,,,,,,,,,,,,,,,,,,,,,,,,,,,,,,,,,,,,,,,,,,,,,,,,,,,,,,,,,,,,,,,,,,,,,,,,,,,,,,,,,,,,,,,,,,,,,,,,,,,,,,,,,,,,,,,,,,,,,,,,,,,,,,,,,,,,,,,,,,,,,,,,,,,,,,,,,,,,,,,,,,,,,,,,,,,,,,,,,,,,,,,,,,,,,,